,proponente,nota_de_credito,programa,mes,valor_faturado,valor_economizado,valor_utilizado,saldo_no_periodo,relatorio,prop_pk1,prop_pk2
0,BANCADA-DE ALAGOAS,01/2021,GESAC,Janeiro,100000.0,18154.101424830475,100000.0,1719626.8014248305,,,
1,BANCADA-DE ALAGOAS,02/2021,GESAC,Janeiro,50000.0,5284.57122174602,50000.0,479684.57122174604,,,
2,BANCADA-DE ALAGOAS,03/2021,GESAC,Janeiro,20000.0,52662.425067610624,20000.0,5258474.425067611,,,
3,BANCADA-DE MINAS GERAIS,04/2021,GESAC,Janeiro,10000.0,133809.94264487925,10000.0,13402074.34264488,,,
4,BANCADA-DE SAO PAULO,05/2021,GESAC,Janeiro,500000.0,15567.133504284562,500000.0,1060329.1335042845,,,
5,BANCADA-DO ESPIRITO SANTO,06/2021,GESAC,Janeiro,450000.0,14219.310265240418,450000.0,975233.7502652404,,,
6,BANCADA-DO ESPIRITO SANTO,07/2021,GESAC,Janeiro,50000.0,22623.688773493162,50000.0,2217623.6887734933,,,
7,BANCADA-DO ESPIRITO SANTO,08/2021,GESAC,Janeiro,20000.0,27732.913810535938,20000.0,2759732.913810536,,,
8,BANCADA-DO MARANHAO,09/2021,GESAC,Janeiro,10000.0,7558.025202726,10000.0,747558.025202726,,,
9,BANCADA-DO PARA,10/2021,GESAC,Janeiro,500000.0,4937.90979911432,490000.0,-5062.090200885665,,,
10,BANCADA-DO PARA,11/2021,GESAC,Janeiro,450000.0,8378.322871395196,450000.0,389778.32287139515,,,
11,CABO JUNIO AMARAL,12/2021,GESAC,Janeiro,50000.0,2086.014955952376,50000.0,159086.01495595239,,,
12,CELSO SABINO,13/2021,GESAC,Janeiro,20000.0,979.496989103004,20000.0,78177.20698910301,,,
13,CORONEL CHRISOSTOMO,14/2021,GESAC,Janeiro,10000.0,1395.715320770068,10000.0,129895.71532077008,,,
14,DIMAS FABIANO,15/2021,GESAC,Janeiro,500000.0,2086.014955952376,207000.0,-290913.9850440476,,,
15,EDNA HENRIQUE,16/2021,GESAC,Janeiro,50000.0,2096.092322889344,50000.0,160096.09232288934,,,
16,ELIAS VAZ,17/2021,GESAC,Janeiro,20000.0,4030.9467747872004,20000.0,384030.9467747872,,,
17,EXPEDITO NETTO,18/2021,GESAC,Janeiro,10000.0,2835.158755247705,10000.0,274174.3987552477,,,
18,FABIO REIS,19/2021,GESAC,Janeiro,500000.0,822.1919113323371,81587.97,-417589.83808866766,,,
19,FLAVIA ARRUDA,20/2021,GESAC,Janeiro,50000.0,8882.36948686471,50000.0,840300.0594868646,,,
20,FLAVIANO MELO,21/2021,GESAC,Janeiro,20000.0,665.106217839888,20000.0,46665.106217839886,,,
21,FLAVIANO MELO,22/2021,GESAC,Janeiro,10000.0,5066.859987987102,10000.0,497862.8799879871,,,
22,GENERAL GIRAO,23/2021,GESAC,Janeiro,500000.0,2086.014955952376,207000.0,-290913.9850440476,,,
23,JOAO ROMA,24/2021,GESAC,Janeiro,50000.0,727.2615024073887,50000.0,22895.071502407387,,,
24,JOENIA WAPICHANA,25/2021,GESAC,Janeiro,20000.0,91.6881168866484,9098.42,-10809.891883113352,,,
25,JOSE NUNES,26/2021,GESAC,Janeiro,10000.0,2086.014955952376,10000.0,199086.01495595239,,,
26,JOSIVALDO JP,27/2021,GESAC,Janeiro,500000.0,1027.8914275707361,102000.0,-396972.1085724293,,,
27,JUNIOR LOURENCO,28/2021,GESAC,Janeiro,50000.0,3476.69159325396,50000.0,298476.691593254,,,
28,LEO DE BRITO,29/2021,GESAC,Janeiro,20000.0,4333.2677828962405,20000.0,414333.26778289623,,,
29,LEUR LOMANTO,30/2021,GESAC,Janeiro,10000.0,666.1371324775399,10000.0,56768.43713247754,,,
30,LUCIANO BIVAR,31/2021,GESAC,Janeiro,3285.93,32.78358934567493,3253.19,0.04358934567517281,,,
31,LUIS TIBE,32/2021,GESAC,Janeiro,50000.0,2086.014955952376,50000.0,159086.01495595239,,,
32,MARA ROCHA,33/2021,GESAC,Janeiro,20000.0,4115.345730621,20000.0,392490.445730621,,,
33,MARX BELTRAO,34/2021,GESAC,Janeiro,10000.0,2086.014955952376,10000.0,199086.01495595239,,,
34,MINISTERIO DAS COMUNICACOES,35/2021,GESAC,Janeiro,500000.0,155115.13583645658,500000.0,15047542.225836456,,,
35,MINISTERIO DAS COMUNICACOES,36/2021,GESAC,Janeiro,50000.0,37165.329263537984,50000.0,3675165.329263538,,,
36,MINISTERIO DAS COMUNICACOES,37/2021,GESAC,Janeiro,20000.0,100773.66936968,20000.0,10080773.66936968,,,
37,MINISTERIO DA EDUCACAO,38/2021,GESAC,Janeiro,10000.0,169936.63397674492,10000.0,17023134.633976746,,,
38,MINISTERIO DA EDUCACAO,39/2021,GESAC,Janeiro,500000.0,37094.78769497921,500000.0,3218094.787694979,,,
39,MINISTERIO DA JUSTICA,40/2021,GESAC,Janeiro,50000.0,6307.731325539849,50000.0,582238.2313255399,,,
40,MINISTERIO DO MEIO AMBIENTE,41/2021,GESAC,Janeiro,20000.0,1086.3401558051505,20000.0,88886.34015580516,,,
41,PERPETUA ALMEIDA,42/2021,GESAC,Janeiro,10000.0,4172.029911904752,10000.0,408172.02991190477,,,
42,POLICIA RODOVIARIA FEDERAL RO,43/2021,GESAC,Janeiro,500000.0,467.5898258753152,46400.0,-453132.4101741247,,,
43,ADOR CONFUCIO MOURA,44/2021,GESAC,Janeiro,500000.0,3456.852079417813,343031.28,-153511.86792058218,,,
44,SERGIO PETECAO,45/2021,GESAC,Janeiro,50000.0,2871.9084938987626,50000.0,237857.90849389875,,,
45,SORAYA THRONICKE,46/2021,GESAC,Janeiro,20000.0,3476.69159325396,20000.0,328476.691593254,,,
46,ULDURICO JUNIOR,47/2021,GESAC,Janeiro,10000.0,3113.9063835231123,10000.0,302113.90638352314,,,
47,BANCADA-DE ALAGOAS,48/2021,WifiBrasil,Janeiro,50000.0,6127.039097676544,50000.0,564127.0390976765,,,
48,BANCADA-DE ALAGOAS,49/2021,WifiBrasil,Janeiro,20000.0,6127.039097676544,20000.0,594127.0390976765,,,
49,BANCADA-DE ALAGOAS,50/2021,WifiBrasil,Janeiro,10000.0,1763.5392139694002,10000.0,166763.5392139694,,,
50,BANCADA-DE MINAS GERAIS,51/2021,WifiBrasil,Janeiro,500000.0,7558.025202726,500000.0,257558.025202726,,,
51,BANCADA-DE SAO PAULO,52/2021,WifiBrasil,Janeiro,500000.0,52402.3080722336,500000.0,4752402.308072234,,,
52,BANCADA-DO ESPIRITO SANTO,53/2021,WifiBrasil,Janeiro,10000.0,7006.591683935111,10000.0,692286.5916839351,,,
53,BANCADA-DO ESPIRITO SANTO,54/2021,WifiBrasil,Janeiro,50000.0,7890.578311645944,50000.0,740890.5783116459,,,
54,BANCADA-DO PARA,55/2021,WifiBrasil,Janeiro,20000.0,8466.540040787744,20000.0,828620.5300407878,,,
55,BANCADA-DO PARA,56/2021,WifiBrasil,Janeiro,10000.0,1854.2355164021121,10000.0,175854.2355164021,,,
56,CORONEL CHRISOSTOMO,57/2021,WifiBrasil,Janeiro,50000.0,3148.3709784475427,50000.0,265568.37097844755,,,
57,DIMAS FABIANO,58/2021,WifiBrasil,Janeiro,20000.0,619.758066623532,20000.0,42119.75806662353,,,
58,EDNA HENRIQUE,59/2021,WifiBrasil,Janeiro,10000.0,937.1951251380241,10000.0,83937.19512513802,,,
59,FABIO REIS,60/2021,WifiBrasil,Janeiro,50000.0,927.1177582010561,50000.0,42927.11775820106,,,
60,FLAVIA ARRUDA,61/2021,WifiBrasil,Janeiro,20000.0,422.0401273202199,20000.0,22302.040127320222,,,
61,GENERAL GIRAO,62/2021,WifiBrasil,Janeiro,10000.0,3713.9531204179348,10000.0,362257.95312041795,,,
62,JOSE NUNES,63/2021,WifiBrasil,Janeiro,50000.0,937.1951251380241,50000.0,43937.19512513802,,,
63,JOSIVALDO JP,64/2021,WifiBrasil,Janeiro,20000.0,937.1951251380241,20000.0,73937.19512513802,,,
64,JUNIOR LOURENCO,65/2021,WifiBrasil,Janeiro,10000.0,483.713612974464,10000.0,38483.71361297446,,,
65,LEO DE BRITO,66/2021,WifiBrasil,Janeiro,50000.0,1561.99187523004,50000.0,106561.99187523004,,,
66,LUCIANO BIVAR,67/2021,WifiBrasil,Janeiro,10000.0,1713.15237928456,10000.0,161713.15237928455,,,
67,LUIS TIBE,68/2021,WifiBrasil,Janeiro,10000.0,937.1951251380241,10000.0,83937.19512513802,,,
68,MARA ROCHA,69/2021,WifiBrasil,Janeiro,50000.0,937.1951251380241,50000.0,43937.19512513802,,,
69,MARX BELTRAO,70/2021,WifiBrasil,Janeiro,20000.0,1713.15237928456,20000.0,151713.15237928455,,,
70,PERPETUA ALMEIDA,71/2021,WifiBrasil,Janeiro,10000.0,937.1951251380241,10000.0,83937.19512513802,,,
71,SERGIO PETECAO,72/2021,WifiBrasil,Janeiro,50000.0,1944.8915093670762,50000.0,144940.89150936707,,,
72,ULDURICO JUNIOR,73/2021,WifiBrasil,Janeiro,20000.0,1336.3999389790745,20000.0,113950.39993897907,,,
73,SORAYA THRONICKE,74/2021,WifiBrasil,Janeiro,10000.0,1420.908738112488,10000.0,132420.90873811248,,,
74,MCOM,75/2021,WifiBrasil,Janeiro,50000.0,1561.99187523004,50000.0,106561.99187523004,,,
75,CABO JUNIO AMARAL,76/2021,WifiBrasil,Janeiro,20000.0,5038.6834684840005,20000.0,485038.683468484,,,
76,LEUR LOMANTO,77/2021,WifiBrasil,Janeiro,10000.0,937.1951251380241,10000.0,83937.19512513802,,,
77,BANCADA-DE ALAGOAS,01/2021,GESAC,Fevereiro,100000.0,17259.595035547874,100000.0,1619626.8014248305,,,
78,BANCADA-DE ALAGOAS,02/2021,GESAC,Fevereiro,50000.0,4814.510588709072,50000.0,429684.57122174604,,,
79,BANCADA-DE ALAGOAS,03/2021,GESAC,Fevereiro,20000.0,52778.39296657399,20000.0,5238474.425067611,,,
80,BANCADA-DE MINAS GERAIS,04/2021,GESAC,Fevereiro,10000.0,134514.288564645,10000.0,13392074.34264488,,,
81,BANCADA-DE SAO PAULO,05/2021,GESAC,Fevereiro,50000.0,10642.339043281832,50000.0,1010329.1335042845,,,
82,BANCADA-DO ESPIRITO SANTO,06/2021,GESAC,Fevereiro,20000.0,9788.25148609575,20000.0,955233.7502652404,,,
83,BANCADA-DO ESPIRITO SANTO,07/2021,GESAC,Fevereiro,10000.0,22257.903155355925,10000.0,2207623.6887734933,,,
84,BANCADA-DO ESPIRITO SANTO,08/2021,GESAC,Fevereiro,50000.0,27698.959134142402,50000.0,2709732.913810536,,,
85,BANCADA-DO MARANHAO,09/2021,GESAC,Fevereiro,20000.0,7503.109843299885,20000.0,727558.025202726,,,
86,BANCADA-DO PARA,10/2021,GESAC,Fevereiro,10000.0,-50.807318674208815,-5062.090200885665,0.0,,,
87,BANCADA-DO PARA,11/2021,GESAC,Fevereiro,50000.0,3912.1372153662505,50000.0,339778.32287139515,,,
88,CABO JUNIO AMARAL,12/2021,GESAC,Fevereiro,20000.0,1596.7186552825283,20000.0,139086.01495595239,,,
89,CELSO SABINO,13/2021,GESAC,Fevereiro,10000.0,784.6510257482183,10000.0,68177.20698910301,,,
90,CORONEL CHRISOSTOMO,14/2021,GESAC,Fevereiro,50000.0,1303.7406961973923,50000.0,79895.71532077008,,,
91,DIMAS FABIANO,15/2021,GESAC,Fevereiro,20000.0,-2919.853056417472,-290913.9850440476,0.0,,,
92,EDNA HENRIQUE,16/2021,GESAC,Fevereiro,10000.0,1606.8566260872747,10000.0,150096.09232288934,,,
93,ELIAS VAZ,17/2021,GESAC,Fevereiro,10000.0,3854.4518013786055,10000.0,374030.9467747872,,,
94,EXPEDITO NETTO,18/2021,GESAC,Fevereiro,50000.0,2751.8407410895725,50000.0,224174.3987552477,,,
95,FABIO REIS,19/2021,GESAC,Fevereiro,20000.0,-4191.276555121466,-417589.83808866766,0.0,,,
96,FLAVIA ARRUDA,20/2021,GESAC,Fevereiro,10000.0,8433.945506707112,10000.0,830300.0594868646,,,
97,FLAVIANO MELO,21/2021,GESAC,Fevereiro,50000.0,468.3695525932699,46665.106217839886,0.0,,,
98,FLAVIANO MELO,22/2021,GESAC,Fevereiro,20000.0,4996.963111242744,20000.0,477862.8799879871,,,
99,GENERAL GIRAO,23/2021,GESAC,Fevereiro,20000.0,-2919.853056417472,-290913.9850440476,0.0,,,
100,JOAO ROMA,24/2021,GESAC,Fevereiro,10000.0,229.79384952249342,10000.0,12895.071502407387,,,
101,JOENIA WAPICHANA,25/2021,GESAC,Fevereiro,10000.0,-108.49700419067825,-10809.891883113352,0.0,,,
102,JOSE NUNES,26/2021,GESAC,Fevereiro,50000.0,1998.1916963225283,50000.0,149086.01495595239,,,
103,JOSIVALDO JP,27/2021,GESAC,Fevereiro,20000.0,-3984.3399909158566,-396972.1085724293,0.0,,,
104,JUNIOR LOURENCO,28/2021,GESAC,Fevereiro,10000.0,2995.7586263375474,10000.0,288476.691593254,,,
105,LEO DE BRITO,29/2021,GESAC,Fevereiro,50000.0,4158.590925521001,50000.0,364333.26778289623,,,
106,LEUR LOMANTO,30/2021,GESAC,Fevereiro,20000.0,569.7749272665955,20000.0,36768.43713247754,,,
107,LUCIANO BIVAR,31/2021,GESAC,Fevereiro,20000.0,0.00043749867912888505,0.04358934567517281,0.0,,,
108,LUIS TIBE,32/2021,GESAC,Fevereiro,10000.0,1596.7186552825283,10000.0,149086.01495595239,,,
109,MARA ROCHA,33/2021,GESAC,Fevereiro,10000.0,3939.358320665438,10000.0,382490.445730621,,,
110,MARX BELTRAO,34/2021,GESAC,Fevereiro,50000.0,1998.1916963225283,50000.0,149086.01495595239,,,
111,MINISTERIO DAS COMUNICACOES,35/2021,GESAC,Fevereiro,20000.0,151029.56343960934,20000.0,15027542.225836456,,,
112,MINISTERIO DAS COMUNICACOES,36/2021,GESAC,Fevereiro,10000.0,36886.995026605146,10000.0,3665165.329263538,,,
113,MINISTERIO DAS COMUNICACOES,37/2021,GESAC,Fevereiro,50000.0,101178.97152694514,50000.0,10030773.66936968,,,
114,MINISTERIO DA EDUCACAO,38/2021,GESAC,Fevereiro,20000.0,170858.24073839982,20000.0,17003134.633976746,,,
115,MINISTERIO DA EDUCACAO,39/2021,GESAC,Fevereiro,20000.0,32299.457519271913,20000.0,3198094.787694979,,,
116,MINISTERIO DA JUSTICA,40/2021,GESAC,Fevereiro,10000.0,5843.823833500388,10000.0,572238.2313255399,,,
117,MINISTERIO DO MEIO AMBIENTE,41/2021,GESAC,Fevereiro,10000.0,892.1367322316742,10000.0,78886.34015580516,,,
118,PERPETUA ALMEIDA,42/2021,GESAC,Fevereiro,50000.0,4096.751652905057,50000.0,358172.02991190477,,,
119,POLICIA RODOVIARIA FEDERAL RO,43/2021,GESAC,Fevereiro,20000.0,-4548.011167659763,-453132.4101741247,0.0,,,
120,ADOR CONFUCIO MOURA,44/2021,GESAC,Fevereiro,10000.0,-1540.771911245174,-153511.86792058218,0.0,,,
121,SERGIO PETECAO,45/2021,GESAC,Fevereiro,50000.0,2387.3384464614896,50000.0,187857.90849389875,,,
122,SORAYA THRONICKE,46/2021,GESAC,Fevereiro,20000.0,3296.8634071175475,20000.0,308476.691593254,,,
123,ULDURICO JUNIOR,47/2021,GESAC,Fevereiro,10000.0,3032.2647184066727,10000.0,292113.90638352314,,,
124,BANCADA-DE ALAGOAS,48/2021,WifiBrasil,Fevereiro,50000.0,5662.04494798588,50000.0,514127.0390976765,,,
125,BANCADA-DE ALAGOAS,49/2021,WifiBrasil,Fevereiro,20000.0,5963.14972876588,20000.0,574127.0390976765,,,
126,BANCADA-DE ALAGOAS,50/2021,WifiBrasil,Fevereiro,10000.0,1673.7766305706398,10000.0,156763.5392139694,,,
127,BANCADA-DE MINAS GERAIS,51/2021,WifiBrasil,Fevereiro,100000.0,2585.0650905598845,100000.0,157558.025202726,,,
128,BANCADA-DE SAO PAULO,52/2021,WifiBrasil,Fevereiro,50000.0,47699.03517168187,50000.0,4702402.308072234,,,
129,BANCADA-DO ESPIRITO SANTO,53/2021,WifiBrasil,Fevereiro,20000.0,6948.360080864156,20000.0,672286.5916839351,,,
130,BANCADA-DO ESPIRITO SANTO,54/2021,WifiBrasil,Fevereiro,10000.0,7436.189838816519,10000.0,730890.5783116459,,,
131,BANCADA-DO PARA,55/2021,WifiBrasil,Fevereiro,50000.0,8316.720101591294,50000.0,778620.5300407878,,,
132,BANCADA-DO PARA,56/2021,WifiBrasil,Fevereiro,20000.0,1765.0183678133585,20000.0,155854.2355164021,,,
133,CORONEL CHRISOSTOMO,57/2021,WifiBrasil,Fevereiro,10000.0,2665.463537518906,10000.0,255568.37097844755,,,
134,DIMAS FABIANO,58/2021,WifiBrasil,Fevereiro,50000.0,422.7486839719105,42119.75806662353,0.0,,,
135,EDNA HENRIQUE,59/2021,WifiBrasil,Fevereiro,20000.0,842.4630245814258,20000.0,63937.19512513802,,,
136,FABIO REIS,60/2021,WifiBrasil,Fevereiro,10000.0,430.85201273667917,10000.0,32927.11775820106,,,
137,FLAVIA ARRUDA,61/2021,WifiBrasil,Fevereiro,50000.0,223.841696782784,22302.040127320222,0.0,,,
138,GENERAL GIRAO,62/2021,WifiBrasil,Fevereiro,20000.0,3635.920052004499,20000.0,342257.95312041795,,,
139,JOSE NUNES,63/2021,WifiBrasil,Fevereiro,10000.0,440.9899835414257,10000.0,33937.19512513802,,,
140,JOSIVALDO JP,64/2021,WifiBrasil,Fevereiro,50000.0,742.0947643214257,50000.0,23937.195125138023,,,
141,JUNIOR LOURENCO,65/2021,WifiBrasil,Fevereiro,20000.0,386.2543383678326,20000.0,18483.71361297446,,,
142,LEO DE BRITO,66/2021,WifiBrasil,Fevereiro,10000.0,1069.5441734357096,10000.0,96561.99187523004,,,
143,LUCIANO BIVAR,67/2021,WifiBrasil,Fevereiro,10000.0,1623.0867765469072,10000.0,151713.15237928455,,,
144,LUIS TIBE,68/2021,WifiBrasil,Fevereiro,50000.0,842.4630245814258,50000.0,33937.19512513802,,,
145,MARA ROCHA,69/2021,WifiBrasil,Fevereiro,20000.0,440.9899835414257,20000.0,23937.195125138023,,,
146,MARX BELTRAO,70/2021,WifiBrasil,Fevereiro,10000.0,1522.7185162869073,10000.0,141713.15237928455,,,
147,PERPETUA ALMEIDA,71/2021,WifiBrasil,Fevereiro,50000.0,842.4630245814258,50000.0,33937.19512513802,,,
148,SERGIO PETECAO,72/2021,WifiBrasil,Fevereiro,20000.0,1454.746512132858,20000.0,124940.89150936707,,,
149,ULDURICO JUNIOR,73/2021,WifiBrasil,Fevereiro,20000.0,1143.700339780654,20000.0,93950.39993897907,,,
150,SORAYA THRONICKE,74/2021,WifiBrasil,Fevereiro,10000.0,1329.0856232092583,10000.0,122420.90873811248,,,
151,MCOM,75/2021,WifiBrasil,Fevereiro,10000.0,1069.5441734357096,10000.0,96561.99187523004,,,
152,CABO JUNIO AMARAL,76/2021,WifiBrasil,Fevereiro,50000.0,4868.248881853257,50000.0,435038.683468484,,,
153,LEUR LOMANTO,77/2021,WifiBrasil,Fevereiro,20000.0,842.4630245814258,20000.0,63937.19512513802,,,
154,BANCADA-DE ALAGOAS,01/2021,GESAC,Março,10000.0,16327.564632699687,10000.0,1609626.8014248305,,,
155,BANCADA-DE ALAGOAS,02/2021,GESAC,Março,50000.0,4331.678508978119,50000.0,379684.57122174604,,,
156,BANCADA-DE ALAGOAS,03/2021,GESAC,Março,20000.0,52809.40626370921,20000.0,5218474.425067611,,,
157,BANCADA-DE MINAS GERAIS,04/2021,GESAC,Março,20000.0,135006.3849295975,20000.0,13372074.34264488,,,
158,BANCADA-DE SAO PAULO,05/2021,GESAC,Março,10000.0,10185.19464674115,10000.0,1000329.1335042845,,,
159,BANCADA-DO ESPIRITO SANTO,06/2021,GESAC,Março,10000.0,9629.774453640202,10000.0,945233.7502652404,,,
160,BANCADA-DO ESPIRITO SANTO,07/2021,GESAC,Março,50000.0,22255.200044490633,50000.0,2157623.6887734933,,,
161,BANCADA-DO ESPIRITO SANTO,08/2021,GESAC,Março,20000.0,27316.99626646897,20000.0,2689732.913810536,,,
162,BANCADA-DO MARANHAO,09/2021,GESAC,Março,10000.0,7334.560449411155,10000.0,717558.025202726,,,
163,BANCADA-DO PARA,10/2021,GESAC,Março,50000.0,0.0,0.0,0.0,,,
164,BANCADA-DO PARA,11/2021,GESAC,Março,20000.0,3425.327688201069,20000.0,319778.32287139515,,,
165,CABO JUNIO AMARAL,12/2021,GESAC,Março,20000.0,1402.1352923402742,20000.0,119086.01495595239,,,
166,CELSO SABINO,13/2021,GESAC,Março,10000.0,687.2989213393108,10000.0,58177.20698910301,,,
167,CORONEL CHRISOSTOMO,14/2021,GESAC,Março,10000.0,805.4339769063102,10000.0,69895.71532077008,,,
168,DIMAS FABIANO,15/2021,GESAC,Março,50000.0,0.0,0.0,0.0,,,
169,EDNA HENRIQUE,16/2021,GESAC,Março,20000.0,1513.128608616308,20000.0,130096.09232288934,,,
170,ELIAS VAZ,17/2021,GESAC,Março,10000.0,3770.630649432749,10000.0,364030.9467747872,,,
171,EXPEDITO NETTO,18/2021,GESAC,Março,50000.0,2259.9169027413604,50000.0,174174.3987552477,,,
172,FABIO REIS,19/2021,GESAC,Março,20000.0,0.0,0.0,0.0,,,
173,FLAVIA ARRUDA,20/2021,GESAC,Março,,8370.309674969507,0.0,830300.0594868646,,,
174,FLAVIANO MELO,21/2021,GESAC,Março,10000.0,0.0,0.0,0.0,,,
175,FLAVIANO MELO,22/2021,GESAC,Março,50000.0,4817.3672179961095,50000.0,427862.8799879871,,,
176,GENERAL GIRAO,23/2021,GESAC,Março,20000.0,0.0,0.0,0.0,,,
177,JOAO ROMA,24/2021,GESAC,Março,10000.0,129.996066509654,10000.0,2895.071502407387,,,
178,JOENIA WAPICHANA,25/2021,GESAC,Março,100000.0,0.0,0.0,0.0,,,
179,JOSE NUNES,26/2021,GESAC,Março,50000.0,1502.9459520449411,50000.0,99086.01495595239,,,
180,JOSIVALDO JP,27/2021,GESAC,Março,20000.0,0.0,0.0,0.0,,,
181,JUNIOR LOURENCO,28/2021,GESAC,Março,10000.0,2908.15255889357,10000.0,278476.691593254,,,
182,LEO DE BRITO,29/2021,GESAC,Março,50000.0,3672.867707755087,50000.0,314333.26778289623,,,
183,LEUR LOMANTO,30/2021,GESAC,Março,20000.0,370.66504036346356,20000.0,16768.437132477542,,,
184,LUCIANO BIVAR,31/2021,GESAC,Março,10000.0,0.0,0.0,0.0,,,
185,LUIS TIBE,32/2021,GESAC,Março,50000.0,1502.9459520449411,50000.0,99086.01495595239,,,
186,MARA ROCHA,33/2021,GESAC,Março,20000.0,3855.9114164836033,20000.0,362490.445730621,,,
187,MARX BELTRAO,34/2021,GESAC,Março,10000.0,1502.9459520449411,10000.0,139086.01495595239,,,
188,MINISTERIO DAS COMUNICACOES,35/2021,GESAC,Março,50000.0,151493.6445526313,50000.0,14977542.225836456,,,
189,MINISTERIO DAS COMUNICACOES,36/2021,GESAC,Março,20000.0,36948.77347697303,20000.0,3645165.329263538,,,
190,MINISTERIO DAS COMUNICACOES,37/2021,GESAC,Março,10000.0,101120.89109573608,10000.0,10020773.66936968,,,
191,MINISTERIO DA EDUCACAO,38/2021,GESAC,Março,50000.0,171409.72194984675,50000.0,16953134.633976746,,,
192,MINISTERIO DA EDUCACAO,39/2021,GESAC,Março,20000.0,32240.20453455878,20000.0,3178094.787694979,,,
193,MINISTERIO DA JUSTICA,40/2021,GESAC,Março,10000.0,5768.771360815952,10000.0,562238.2313255399,,,
194,MINISTERIO DO MEIO AMBIENTE,41/2021,GESAC,Março,10000.0,795.2583992793482,10000.0,68886.34015580516,,,
195,PERPETUA ALMEIDA,42/2021,GESAC,Março,50000.0,3610.7558623178843,50000.0,308172.02991190477,,,
196,POLICIA RODOVIARIA FEDERAL RO,43/2021,GESAC,Março,20000.0,0.0,0.0,0.0,,,
197,ADOR CONFUCIO MOURA,44/2021,GESAC,Março,10000.0,0.0,0.0,0.0,,,
198,SERGIO PETECAO,45/2021,GESAC,Março,50000.0,1893.80796860089,50000.0,137857.90849389875,,,
199,SORAYA THRONICKE,46/2021,GESAC,Março,20000.0,3109.773878302904,20000.0,288476.691593254,,,
200,ULDURICO JUNIOR,47/2021,GESAC,Março,20000.0,2944.8195611430306,20000.0,272113.90638352314,,,
201,BANCADA-DE ALAGOAS,48/2021,WifiBrasil,Março,10000.0,5182.948598344389,10000.0,504127.0390976765,,,
202,BANCADA-DE ALAGOAS,49/2021,WifiBrasil,Março,10000.0,5787.812556572391,10000.0,564127.0390976765,,,
203,BANCADA-DE ALAGOAS,50/2021,WifiBrasil,Março,50000.0,1580.343580579869,50000.0,106763.5392139694,,,
204,BANCADA-DE MINAS GERAIS,51/2021,WifiBrasil,Março,20000.0,1588.3528462451359,20000.0,137558.025202726,,,
205,BANCADA-DE SAO PAULO,52/2021,WifiBrasil,Março,10000.0,47405.227887351066,10000.0,4692402.308072234,,,
206,BANCADA-DO ESPIRITO SANTO,53/2021,WifiBrasil,Março,50000.0,6777.36548182596,50000.0,622286.5916839351,,,
207,BANCADA-DO ESPIRITO SANTO,54/2021,WifiBrasil,Março,20000.0,7368.15613715226,20000.0,710890.5783116459,,,
208,BANCADA-DO PARA,55/2021,WifiBrasil,Março,20000.0,7849.32492930093,20000.0,758620.5300407878,,,
209,BANCADA-DO PARA,56/2021,WifiBrasil,Março,10000.0,1571.176830017504,10000.0,145854.2355164021,,,
210,CORONEL CHRISOSTOMO,57/2021,WifiBrasil,Março,10000.0,2576.401607798437,10000.0,245568.37097844755,,,
211,DIMAS FABIANO,58/2021,WifiBrasil,Março,50000.0,0.0,0.0,0.0,,,
212,EDNA HENRIQUE,59/2021,WifiBrasil,Março,20000.0,644.5550820231183,20000.0,43937.19512513802,,,
213,FABIO REIS,60/2021,WifiBrasil,Março,10000.0,331.9404463377505,10000.0,22927.117758201057,,,
214,FLAVIA ARRUDA,61/2021,WifiBrasil,Março,50000.0,0.0,0.0,0.0,,,
215,GENERAL GIRAO,62/2021,WifiBrasil,Março,20000.0,3450.3250043238327,20000.0,322257.95312041795,,,
216,JOSE NUNES,63/2021,WifiBrasil,Março,20000.0,342.12310290911734,20000.0,13937.195125138023,,,
217,JOSIVALDO JP,64/2021,WifiBrasil,Março,10000.0,241.31244320445032,10000.0,13937.195125138023,,,
218,JUNIOR LOURENCO,65/2021,WifiBrasil,Março,10000.0,186.33553631160893,10000.0,8483.713612974461,,,
219,LEO DE BRITO,66/2021,WifiBrasil,Março,50000.0,973.4478103338636,50000.0,46561.991875230044,,,
220,LUCIANO BIVAR,67/2021,WifiBrasil,Março,20000.0,1529.4302977230345,20000.0,131713.15237928455,,,
221,LUIS TIBE,68/2021,WifiBrasil,Março,10000.0,342.12310290911734,10000.0,23937.195125138023,,,
222,MARA ROCHA,69/2021,WifiBrasil,Março,50000.0,241.31244320445032,23937.195125138023,0.0,,,
223,MARX BELTRAO,70/2021,WifiBrasil,Março,20000.0,1428.6196380183676,20000.0,121713.15237928455,,,
224,PERPETUA ALMEIDA,71/2021,WifiBrasil,Março,,342.12310290911734,0.0,33937.19512513802,,,
225,SERGIO PETECAO,72/2021,WifiBrasil,Março,,1259.5373697148523,0.0,124940.89150936707,,,
226,ULDURICO JUNIOR,73/2021,WifiBrasil,Março,,947.1201797365786,0.0,93950.39993897907,,,
227,SORAYA THRONICKE,74/2021,WifiBrasil,Março,,1234.1332571533953,0.0,122420.90873811248,,,
228,MCOM,75/2021,WifiBrasil,Março,,973.4478103338636,0.0,96561.99187523004,,,
229,CABO JUNIO AMARAL,76/2021,WifiBrasil,Março,,4385.653667750768,0.0,435038.683468484,,,
230,LEUR LOMANTO,77/2021,WifiBrasil,Março,,644.5550820231183,0.0,63937.19512513802,,,
231,BANCADA-DE ALAGOAS,01/2021,GESAC,Abril,100000.0,16208.898335969086,100000.0,1509626.8014248305,,,
232,BANCADA-DE ALAGOAS,02/2021,GESAC,Abril,,3823.413358439099,0.0,379684.57122174604,,,
233,BANCADA-DE ALAGOAS,03/2021,GESAC,Abril,,52549.896255393454,0.0,5218474.425067611,,,
234,BANCADA-DE MINAS GERAIS,04/2021,GESAC,Abril,,134656.42679973328,0.0,13372074.34264488,,,
235,BANCADA-DE SAO PAULO,05/2021,GESAC,Abril,,10073.287306800725,0.0,1000329.1335042845,,,
236,BANCADA-DO ESPIRITO SANTO,06/2021,GESAC,Abril,,9518.478288391978,0.0,945233.7502652404,,,
237,BANCADA-DO ESPIRITO SANTO,07/2021,GESAC,Abril,,21727.212163496883,0.0,2157623.6887734933,,,
238,BANCADA-DO ESPIRITO SANTO,08/2021,GESAC,Abril,,27085.53766144586,0.0,2689732.913810536,,,
239,BANCADA-DO MARANHAO,09/2021,GESAC,Abril,,7225.789897617388,0.0,717558.025202726,,,
240,BANCADA-DO PARA,10/2021,GESAC,Abril,,0.0,0.0,0.0,,,
241,BANCADA-DO PARA,11/2021,GESAC,Abril,,3220.1590585351596,0.0,319778.32287139515,,,
242,CABO JUNIO AMARAL,12/2021,GESAC,Abril,,1199.1929482958906,0.0,119086.01495595239,,,
243,CELSO SABINO,13/2021,GESAC,Abril,,585.8429001817527,0.0,58177.20698910301,,,
244,CORONEL CHRISOSTOMO,14/2021,GESAC,Abril,,703.8479619942555,0.0,69895.71532077008,,,
245,DIMAS FABIANO,15/2021,GESAC,Abril,,0.0,0.0,0.0,,,
246,EDNA HENRIQUE,16/2021,GESAC,Abril,,1310.064129462769,0.0,130096.09232288934,,,
247,ELIAS VAZ,17/2021,GESAC,Abril,,3665.781783824662,0.0,364030.9467747872,,,
248,EXPEDITO NETTO,18/2021,GESAC,Abril,,1753.9314825357628,0.0,174174.3987552477,,,
249,FABIO REIS,19/2021,GESAC,Abril,,0.0,0.0,0.0,,,
250,FLAVIA ARRUDA,20/2021,GESAC,Abril,,8361.099132207866,0.0,830300.0594868646,,,
251,FLAVIANO MELO,21/2021,GESAC,Abril,,0.0,0.0,0.0,,,
252,FLAVIANO MELO,22/2021,GESAC,Abril,,4308.567624073635,0.0,427862.8799879871,,,
253,GENERAL GIRAO,23/2021,GESAC,Abril,,0.0,0.0,0.0,,,
254,JOAO ROMA,24/2021,GESAC,Abril,,29.15329169242468,0.0,2895.071502407387,,,
255,JOENIA WAPICHANA,25/2021,GESAC,Abril,,0.0,0.0,0.0,,,
256,JOSE NUNES,26/2021,GESAC,Abril,,997.7934894695206,0.0,99086.01495595239,,,
257,JOSIVALDO JP,27/2021,GESAC,Abril,,0.0,0.0,0.0,,,
258,JUNIOR LOURENCO,28/2021,GESAC,Abril,,2804.2527491319643,0.0,278476.691593254,,,
259,LEO DE BRITO,29/2021,GESAC,Abril,,3165.327501129987,0.0,314333.26778289623,,,
260,LEUR LOMANTO,30/2021,GESAC,Abril,,168.85770819224922,0.0,16768.437132477542,,,
261,LUCIANO BIVAR,31/2021,GESAC,Abril,,0.0,0.0,0.0,,,
262,LUIS TIBE,32/2021,GESAC,Abril,,997.7934894695206,0.0,99086.01495595239,,,
263,MARA ROCHA,33/2021,GESAC,Abril,,3650.2689799938353,0.0,362490.445730621,,,
264,MARX BELTRAO,34/2021,GESAC,Abril,,1400.5924071222605,0.0,139086.01495595239,,,
265,MINISTERIO DAS COMUNICACOES,35/2021,GESAC,Abril,,150823.44494162835,0.0,14977542.225836456,,,
266,MINISTERIO DAS COMUNICACOES,36/2021,GESAC,Abril,,36706.71623231617,0.0,3645165.329263538,,,
267,MINISTERIO DAS COMUNICACOES,37/2021,GESAC,Abril,,100908.91970162957,0.0,10020773.66936968,,,
268,MINISTERIO DA EDUCACAO,38/2021,GESAC,Abril,,170717.60703467534,0.0,16953134.633976746,,,
269,MINISTERIO DA EDUCACAO,39/2021,GESAC,Abril,,32003.3285170338,0.0,3178094.787694979,,,
270,MINISTERIO DA JUSTICA,40/2021,GESAC,Abril,,5661.723776022957,0.0,562238.2313255399,,,
271,MINISTERIO DO MEIO AMBIENTE,41/2021,GESAC,Abril,,693.6835813954199,0.0,68886.34015580516,,,
272,PERPETUA ALMEIDA,42/2021,GESAC,Abril,,3103.284002484076,0.0,308172.02991190477,,,
273,POLICIA RODOVIARIA FEDERAL RO,43/2021,GESAC,Abril,,0.0,0.0,0.0,,,
274,ADOR CONFUCIO MOURA,44/2021,GESAC,Abril,,0.0,0.0,0.0,,,
275,SERGIO PETECAO,45/2021,GESAC,Abril,,1388.225408280322,0.0,137857.90849389875,,,
276,SORAYA THRONICKE,46/2021,GESAC,Abril,,2904.9524785451495,0.0,288476.691593254,,,
277,ULDURICO JUNIOR,47/2021,GESAC,Abril,,2740.179674238553,0.0,272113.90638352314,,,
278,BANCADA-DE ALAGOAS,48/2021,WifiBrasil,Abril,,5076.545642700616,0.0,504127.0390976765,,,
279,BANCADA-DE ALAGOAS,49/2021,WifiBrasil,Abril,,5680.744019179725,0.0,564127.0390976765,,,
280,BANCADA-DE ALAGOAS,50/2021,WifiBrasil,Abril,,1075.1059510040684,0.0,106763.5392139694,,,
281,BANCADA-DE MINAS GERAIS,51/2021,WifiBrasil,Abril,,1385.205591652659,0.0,137558.025202726,,,
282,BANCADA-DE SAO PAULO,52/2021,WifiBrasil,Abril,,47252.36427206786,0.0,4692402.308072234,,,
283,BANCADA-DO ESPIRITO SANTO,53/2021,WifiBrasil,Abril,,6266.40914000254,0.0,622286.5916839351,,,
284,BANCADA-DO ESPIRITO SANTO,54/2021,WifiBrasil,Abril,,7158.6488878365335,0.0,710890.5783116459,,,
285,BANCADA-DO PARA,55/2021,WifiBrasil,Abril,,7639.288210239431,0.0,758620.5300407878,,,
286,BANCADA-DO PARA,56/2021,WifiBrasil,Abril,,1468.7482050268648,0.0,145854.2355164021,,,
287,CORONEL CHRISOSTOMO,57/2021,WifiBrasil,Abril,,2472.8668509966296,0.0,245568.37097844755,,,
288,DIMAS FABIANO,58/2021,WifiBrasil,Abril,,0.0,0.0,0.0,,,
289,EDNA HENRIQUE,59/2021,WifiBrasil,Abril,,442.44636602757095,0.0,43937.19512513802,,,
290,FABIO REIS,60/2021,WifiBrasil,Abril,,230.87545544750748,0.0,22927.117758201057,,,
291,FLAVIA ARRUDA,61/2021,WifiBrasil,Abril,,0.0,0.0,0.0,,,
292,GENERAL GIRAO,62/2021,WifiBrasil,Abril,,3245.128868047294,0.0,322257.95312041795,,,
293,JOSE NUNES,63/2021,WifiBrasil,Abril,,140.34717778801598,0.0,13937.195125138023,,,
294,JOSIVALDO JP,64/2021,WifiBrasil,Abril,,140.34717778801598,0.0,13937.195125138023,,,
295,JUNIOR LOURENCO,65/2021,WifiBrasil,Abril,,85.43076652454822,0.0,8483.713612974461,,,
296,LEO DE BRITO,66/2021,WifiBrasil,Abril,,468.87799827745835,0.0,46561.991875230044,,,
297,LUCIANO BIVAR,67/2021,WifiBrasil,Abril,,1326.3478804751558,0.0,131713.15237928455,,,
298,LUIS TIBE,68/2021,WifiBrasil,Abril,,241.04690720120098,0.0,23937.195125138023,,,
299,MARA ROCHA,69/2021,WifiBrasil,Abril,,0.0,0.0,0.0,,,
300,MARX BELTRAO,70/2021,WifiBrasil,Abril,,1225.6481510619708,0.0,121713.15237928455,,,
301,PERPETUA ALMEIDA,71/2021,WifiBrasil,Abril,,341.746636614386,0.0,33937.19512513802,,,
302,SERGIO PETECAO,72/2021,WifiBrasil,Abril,,1258.1513967635365,0.0,124940.89150936707,,,
303,ULDURICO JUNIOR,73/2021,WifiBrasil,Abril,,946.0779852115704,0.0,93950.39993897907,,,
304,SORAYA THRONICKE,74/2021,WifiBrasil,Abril,,1232.775238444414,0.0,122420.90873811248,,,
305,MCOM,75/2021,WifiBrasil,Abril,,972.3766453433833,0.0,96561.99187523004,,,
306,CABO JUNIO AMARAL,76/2021,WifiBrasil,Abril,,4380.827770954457,0.0,435038.683468484,,,
307,LEUR LOMANTO,77/2021,WifiBrasil,Abril,,643.8458248539409,0.0,63937.19512513802,,,
308,BANCADA-DE ALAGOAS,01/2021,GESAC,Maio,100000.0,15218.647375948349,100000.0,1409626.8014248305,,,
309,BANCADA-DE ALAGOAS,02/2021,GESAC,Maio,,3827.6252104547843,0.0,379684.57122174604,,,
310,BANCADA-DE ALAGOAS,03/2021,GESAC,Maio,,52607.78494429987,0.0,5218474.425067611,,,
311,BANCADA-DE MINAS GERAIS,04/2021,GESAC,Maio,,134804.76361018818,0.0,13372074.34264488,,,
312,BANCADA-DE SAO PAULO,05/2021,GESAC,Maio,,10084.383987036483,0.0,1000329.1335042845,,,
313,BANCADA-DO ESPIRITO SANTO,06/2021,GESAC,Maio,,9528.963793935534,0.0,945233.7502652404,,,
314,BANCADA-DO ESPIRITO SANTO,07/2021,GESAC,Maio,,21751.146745967297,0.0,2157623.6887734933,,,
315,BANCADA-DO ESPIRITO SANTO,08/2021,GESAC,Maio,,27115.374947059634,0.0,2689732.913810536,,,
316,BANCADA-DO MARANHAO,09/2021,GESAC,Maio,,7233.749789706488,0.0,717558.025202726,,,
317,BANCADA-DO PARA,10/2021,GESAC,Maio,,0.0,0.0,0.0,,,
318,BANCADA-DO PARA,11/2021,GESAC,Maio,,3223.706368791735,0.0,319778.32287139515,,,
319,CABO JUNIO AMARAL,12/2021,GESAC,Maio,,1200.51397293094,0.0,119086.01495595239,,,
320,CELSO SABINO,13/2021,GESAC,Maio,,586.4882616346439,0.0,58177.20698910301,,,
321,CORONEL CHRISOSTOMO,14/2021,GESAC,Maio,,704.6233172016432,0.0,69895.71532077008,,,
322,DIMAS FABIANO,15/2021,GESAC,Maio,,0.0,0.0,0.0,,,
323,EDNA HENRIQUE,16/2021,GESAC,Maio,,1311.5072892069738,0.0,130096.09232288934,,,
324,ELIAS VAZ,17/2021,GESAC,Maio,,3669.819989728082,0.0,364030.9467747872,,,
325,EXPEDITO NETTO,18/2021,GESAC,Maio,,1755.8636042180253,0.0,174174.3987552477,,,
326,FABIO REIS,19/2021,GESAC,Maio,,0.0,0.0,0.0,,,
327,FLAVIA ARRUDA,20/2021,GESAC,Maio,,8370.309674969507,0.0,830300.0594868646,,,
328,FLAVIANO MELO,21/2021,GESAC,Maio,,0.0,0.0,0.0,,,
329,FLAVIANO MELO,22/2021,GESAC,Maio,,4313.313919472775,0.0,427862.8799879871,,,
330,GENERAL GIRAO,23/2021,GESAC,Maio,,0.0,0.0,0.0,,,
331,JOAO ROMA,24/2021,GESAC,Maio,,29.185406804987014,0.0,2895.071502407387,,,
332,JOENIA WAPICHANA,25/2021,GESAC,Maio,,0.0,0.0,0.0,,,
333,JOSE NUNES,26/2021,GESAC,Maio,,998.8926535216061,0.0,99086.01495595239,,,
334,JOSIVALDO JP,27/2021,GESAC,Maio,,0.0,0.0,0.0,,,
335,JUNIOR LOURENCO,28/2021,GESAC,Maio,,2807.341899188903,0.0,278476.691593254,,,
336,LEO DE BRITO,29/2021,GESAC,Maio,,3168.814409231752,0.0,314333.26778289623,,,
337,LEUR LOMANTO,30/2021,GESAC,Maio,,169.04372095412955,0.0,16768.437132477542,,,
338,LUCIANO BIVAR,31/2021,GESAC,Maio,,0.0,0.0,0.0,,,
339,LUIS TIBE,32/2021,GESAC,Maio,,998.8926535216061,0.0,99086.01495595239,,,
340,MARA ROCHA,33/2021,GESAC,Maio,,3654.2900970742694,0.0,362490.445730621,,,
341,MARX BELTRAO,34/2021,GESAC,Maio,,1402.1352923402742,0.0,139086.01495595239,,,
342,MINISTERIO DAS COMUNICACOES,35/2021,GESAC,Maio,,150989.59125410797,0.0,14977542.225836456,,,
343,MINISTERIO DAS COMUNICACOES,36/2021,GESAC,Maio,,36747.1521575637,0.0,3645165.329263538,,,
344,MINISTERIO DAS COMUNICACOES,37/2021,GESAC,Maio,,101020.08043603142,0.0,10020773.66936968,,,
345,MINISTERIO DA EDUCACAO,38/2021,GESAC,Maio,,170905.66865132342,0.0,16953134.633976746,,,
346,MINISTERIO DA EDUCACAO,39/2021,GESAC,Maio,,32038.583215149443,0.0,3178094.787694979,,,
347,MINISTERIO DA JUSTICA,40/2021,GESAC,Maio,,5667.960701111285,0.0,562238.2313255399,,,
348,MINISTERIO DO MEIO AMBIENTE,41/2021,GESAC,Maio,,694.4477395746811,0.0,68886.34015580516,,,
349,PERPETUA ALMEIDA,42/2021,GESAC,Maio,,3106.7025637945494,0.0,308172.02991190477,,,
350,POLICIA RODOVIARIA FEDERAL RO,43/2021,GESAC,Maio,,0.0,0.0,0.0,,,
351,ADOR CONFUCIO MOURA,44/2021,GESAC,Maio,,0.0,0.0,0.0,,,
352,SERGIO PETECAO,45/2021,GESAC,Maio,,1389.754670077555,0.0,137857.90849389875,,,
353,SORAYA THRONICKE,46/2021,GESAC,Maio,,2908.15255889357,0.0,288476.691593254,,,
354,ULDURICO JUNIOR,47/2021,GESAC,Maio,,2743.1982417336962,0.0,272113.90638352314,,,
355,BANCADA-DE ALAGOAS,48/2021,WifiBrasil,Maio,,5082.137938639722,0.0,504127.0390976765,,,
356,BANCADA-DE ALAGOAS,49/2021,WifiBrasil,Maio,,5687.001896867724,0.0,564127.0390976765,,,
357,BANCADA-DE ALAGOAS,50/2021,WifiBrasil,Maio,,1076.2902820565341,0.0,106763.5392139694,,,
358,BANCADA-DE MINAS GERAIS,51/2021,WifiBrasil,Maio,,1386.731526835802,0.0,137558.025202726,,,
359,BANCADA-DE SAO PAULO,52/2021,WifiBrasil,Maio,,47304.417227646394,0.0,4692402.308072234,,,
360,BANCADA-DO ESPIRITO SANTO,53/2021,WifiBrasil,Maio,,6273.312183302625,0.0,622286.5916839351,,,
361,BANCADA-DO ESPIRITO SANTO,54/2021,WifiBrasil,Maio,,7166.534817742926,0.0,710890.5783116459,,,
362,BANCADA-DO PARA,55/2021,WifiBrasil,Maio,,7647.703609891597,0.0,758620.5300407878,,,
363,BANCADA-DO PARA,56/2021,WifiBrasil,Maio,,1470.3661703128369,0.0,145854.2355164021,,,
364,CORONEL CHRISOSTOMO,57/2021,WifiBrasil,Maio,,2475.59094809377,0.0,245568.37097844755,,,
365,DIMAS FABIANO,58/2021,WifiBrasil,Maio,,0.0,0.0,0.0,,,
366,EDNA HENRIQUE,59/2021,WifiBrasil,Maio,,442.9337626137843,0.0,43937.19512513802,,,
367,FABIO REIS,60/2021,WifiBrasil,Maio,,231.12978663308346,0.0,22927.117758201057,,,
368,FLAVIA ARRUDA,61/2021,WifiBrasil,Maio,,0.0,0.0,0.0,,,
369,GENERAL GIRAO,62/2021,WifiBrasil,Maio,,3248.7036849144984,0.0,322257.95312041795,,,
370,JOSE NUNES,63/2021,WifiBrasil,Maio,,140.5017834997833,0.0,13937.195125138023,,,
371,JOSIVALDO JP,64/2021,WifiBrasil,Maio,,140.5017834997833,0.0,13937.195125138023,,,
372,JUNIOR LOURENCO,65/2021,WifiBrasil,Maio,,85.52487660694194,0.0,8483.713612974461,,,
373,LEO DE BRITO,66/2021,WifiBrasil,Maio,,469.39451181052857,0.0,46561.991875230044,,,
374,LUCIANO BIVAR,67/2021,WifiBrasil,Maio,,1327.8089783137007,0.0,131713.15237928455,,,
375,LUIS TIBE,68/2021,WifiBrasil,Maio,,241.31244320445032,0.0,23937.195125138023,,,
376,MARA ROCHA,69/2021,WifiBrasil,Maio,,0.0,0.0,0.0,,,
377,MARX BELTRAO,70/2021,WifiBrasil,Maio,,1226.9983186090335,0.0,121713.15237928455,,,
378,PERPETUA ALMEIDA,71/2021,WifiBrasil,Maio,,342.12310290911734,0.0,33937.19512513802,,,
379,SERGIO PETECAO,72/2021,WifiBrasil,Maio,,1259.5373697148523,0.0,124940.89150936707,,,
380,ULDURICO JUNIOR,73/2021,WifiBrasil,Maio,,947.1201797365786,0.0,93950.39993897907,,,
381,SORAYA THRONICKE,74/2021,WifiBrasil,Maio,,1234.1332571533953,0.0,122420.90873811248,,,
382,MCOM,75/2021,WifiBrasil,Maio,,973.4478103338636,0.0,96561.99187523004,,,
383,CABO JUNIO AMARAL,76/2021,WifiBrasil,Maio,,4385.653667750768,0.0,435038.683468484,,,
384,LEUR LOMANTO,77/2021,WifiBrasil,Maio,,644.5550820231183,0.0,63937.19512513802,,,
385,BANCADA-DE ALAGOAS,01/2021,GESAC,Junho,100000.0,14210.540778901679,100000.0,1309626.8014248305,,,
386,BANCADA-DE ALAGOAS,02/2021,GESAC,Junho,,3827.6252104547843,0.0,379684.57122174604,,,
387,BANCADA-DE ALAGOAS,03/2021,GESAC,Junho,,52607.78494429987,0.0,5218474.425067611,,,
388,BANCADA-DE MINAS GERAIS,04/2021,GESAC,Junho,,134804.76361018818,0.0,13372074.34264488,,,
389,BANCADA-DE SAO PAULO,05/2021,GESAC,Junho,,10084.383987036483,0.0,1000329.1335042845,,,
390,BANCADA-DO ESPIRITO SANTO,06/2021,GESAC,Junho,,9528.963793935534,0.0,945233.7502652404,,,
391,BANCADA-DO ESPIRITO SANTO,07/2021,GESAC,Junho,,21751.146745967297,0.0,2157623.6887734933,,,
392,BANCADA-DO ESPIRITO SANTO,08/2021,GESAC,Junho,,27115.374947059634,0.0,2689732.913810536,,,
393,BANCADA-DO MARANHAO,09/2021,GESAC,Junho,,7233.749789706488,0.0,717558.025202726,,,
394,BANCADA-DO PARA,10/2021,GESAC,Junho,,0.0,0.0,0.0,,,
395,BANCADA-DO PARA,11/2021,GESAC,Junho,,3223.706368791735,0.0,319778.32287139515,,,
396,CABO JUNIO AMARAL,12/2021,GESAC,Junho,,1200.51397293094,0.0,119086.01495595239,,,
397,CELSO SABINO,13/2021,GESAC,Junho,,586.4882616346439,0.0,58177.20698910301,,,
398,CORONEL CHRISOSTOMO,14/2021,GESAC,Junho,,704.6233172016432,0.0,69895.71532077008,,,
399,DIMAS FABIANO,15/2021,GESAC,Junho,,0.0,0.0,0.0,,,
400,EDNA HENRIQUE,16/2021,GESAC,Junho,,1311.5072892069738,0.0,130096.09232288934,,,
401,ELIAS VAZ,17/2021,GESAC,Junho,,3669.819989728082,0.0,364030.9467747872,,,
402,EXPEDITO NETTO,18/2021,GESAC,Junho,,1755.8636042180253,0.0,174174.3987552477,,,
403,FABIO REIS,19/2021,GESAC,Junho,,0.0,0.0,0.0,,,
404,FLAVIA ARRUDA,20/2021,GESAC,Junho,,8370.309674969507,0.0,830300.0594868646,,,
405,FLAVIANO MELO,21/2021,GESAC,Junho,,0.0,0.0,0.0,,,
406,FLAVIANO MELO,22/2021,GESAC,Junho,,4313.313919472775,0.0,427862.8799879871,,,
407,GENERAL GIRAO,23/2021,GESAC,Junho,,0.0,0.0,0.0,,,
408,JOAO ROMA,24/2021,GESAC,Junho,,29.185406804987014,0.0,2895.071502407387,,,
409,JOENIA WAPICHANA,25/2021,GESAC,Junho,,0.0,0.0,0.0,,,
410,JOSE NUNES,26/2021,GESAC,Junho,,998.8926535216061,0.0,99086.01495595239,,,
411,JOSIVALDO JP,27/2021,GESAC,Junho,,0.0,0.0,0.0,,,
412,JUNIOR LOURENCO,28/2021,GESAC,Junho,,2807.341899188903,0.0,278476.691593254,,,
413,LEO DE BRITO,29/2021,GESAC,Junho,,3168.814409231752,0.0,314333.26778289623,,,
414,LEUR LOMANTO,30/2021,GESAC,Junho,,169.04372095412955,0.0,16768.437132477542,,,
415,LUCIANO BIVAR,31/2021,GESAC,Junho,,0.0,0.0,0.0,,,
416,LUIS TIBE,32/2021,GESAC,Junho,,998.8926535216061,0.0,99086.01495595239,,,
417,MARA ROCHA,33/2021,GESAC,Junho,,3654.2900970742694,0.0,362490.445730621,,,
418,MARX BELTRAO,34/2021,GESAC,Junho,,1402.1352923402742,0.0,139086.01495595239,,,
419,MINISTERIO DAS COMUNICACOES,35/2021,GESAC,Junho,,150989.59125410797,0.0,14977542.225836456,,,
420,MINISTERIO DAS COMUNICACOES,36/2021,GESAC,Junho,,36747.1521575637,0.0,3645165.329263538,,,
421,MINISTERIO DAS COMUNICACOES,37/2021,GESAC,Junho,,101020.08043603142,0.0,10020773.66936968,,,
422,MINISTERIO DA EDUCACAO,38/2021,GESAC,Junho,,170905.66865132342,0.0,16953134.633976746,,,
423,MINISTERIO DA EDUCACAO,39/2021,GESAC,Junho,,32038.583215149443,0.0,3178094.787694979,,,
424,MINISTERIO DA JUSTICA,40/2021,GESAC,Junho,,5667.960701111285,0.0,562238.2313255399,,,
425,MINISTERIO DO MEIO AMBIENTE,41/2021,GESAC,Junho,,694.4477395746811,0.0,68886.34015580516,,,
426,PERPETUA ALMEIDA,42/2021,GESAC,Junho,,3106.7025637945494,0.0,308172.02991190477,,,
427,POLICIA RODOVIARIA FEDERAL RO,43/2021,GESAC,Junho,,0.0,0.0,0.0,,,
428,ADOR CONFUCIO MOURA,44/2021,GESAC,Junho,,0.0,0.0,0.0,,,
429,SERGIO PETECAO,45/2021,GESAC,Junho,,1389.754670077555,0.0,137857.90849389875,,,
430,SORAYA THRONICKE,46/2021,GESAC,Junho,,2908.15255889357,0.0,288476.691593254,,,
431,ULDURICO JUNIOR,47/2021,GESAC,Junho,,2743.1982417336962,0.0,272113.90638352314,,,
432,BANCADA-DE ALAGOAS,48/2021,WifiBrasil,Junho,,5082.137938639722,0.0,504127.0390976765,,,
433,BANCADA-DE ALAGOAS,49/2021,WifiBrasil,Junho,,5687.001896867724,0.0,564127.0390976765,,,
434,BANCADA-DE ALAGOAS,50/2021,WifiBrasil,Junho,,1076.2902820565341,0.0,106763.5392139694,,,
435,BANCADA-DE MINAS GERAIS,51/2021,WifiBrasil,Junho,,1386.731526835802,0.0,137558.025202726,,,
436,BANCADA-DE SAO PAULO,52/2021,WifiBrasil,Junho,,47304.417227646394,0.0,4692402.308072234,,,
437,BANCADA-DO ESPIRITO SANTO,53/2021,WifiBrasil,Junho,,6273.312183302625,0.0,622286.5916839351,,,
438,BANCADA-DO ESPIRITO SANTO,54/2021,WifiBrasil,Junho,,7166.534817742926,0.0,710890.5783116459,,,
439,BANCADA-DO PARA,55/2021,WifiBrasil,Junho,,7647.703609891597,0.0,758620.5300407878,,,
440,BANCADA-DO PARA,56/2021,WifiBrasil,Junho,,1470.3661703128369,0.0,145854.2355164021,,,
441,CORONEL CHRISOSTOMO,57/2021,WifiBrasil,Junho,,2475.59094809377,0.0,245568.37097844755,,,
442,DIMAS FABIANO,58/2021,WifiBrasil,Junho,,0.0,0.0,0.0,,,
443,EDNA HENRIQUE,59/2021,WifiBrasil,Junho,,442.9337626137843,0.0,43937.19512513802,,,
444,FABIO REIS,60/2021,WifiBrasil,Junho,,231.12978663308346,0.0,22927.117758201057,,,
445,FLAVIA ARRUDA,61/2021,WifiBrasil,Junho,,0.0,0.0,0.0,,,
446,GENERAL GIRAO,62/2021,WifiBrasil,Junho,,3248.7036849144984,0.0,322257.95312041795,,,
447,JOSE NUNES,63/2021,WifiBrasil,Junho,,140.5017834997833,0.0,13937.195125138023,,,
448,JOSIVALDO JP,64/2021,WifiBrasil,Junho,,140.5017834997833,0.0,13937.195125138023,,,
449,JUNIOR LOURENCO,65/2021,WifiBrasil,Junho,,85.52487660694194,0.0,8483.713612974461,,,
450,LEO DE BRITO,66/2021,WifiBrasil,Junho,,469.39451181052857,0.0,46561.991875230044,,,
451,LUCIANO BIVAR,67/2021,WifiBrasil,Junho,,1327.8089783137007,0.0,131713.15237928455,,,
452,LUIS TIBE,68/2021,WifiBrasil,Junho,,241.31244320445032,0.0,23937.195125138023,,,
453,MARA ROCHA,69/2021,WifiBrasil,Junho,,0.0,0.0,0.0,,,
454,MARX BELTRAO,70/2021,WifiBrasil,Junho,,1226.9983186090335,0.0,121713.15237928455,,,
455,PERPETUA ALMEIDA,71/2021,WifiBrasil,Junho,,342.12310290911734,0.0,33937.19512513802,,,
456,SERGIO PETECAO,72/2021,WifiBrasil,Junho,,1259.5373697148523,0.0,124940.89150936707,,,
457,ULDURICO JUNIOR,73/2021,WifiBrasil,Junho,,947.1201797365786,0.0,93950.39993897907,,,
458,SORAYA THRONICKE,74/2021,WifiBrasil,Junho,,1234.1332571533953,0.0,122420.90873811248,,,
459,MCOM,75/2021,WifiBrasil,Junho,,973.4478103338636,0.0,96561.99187523004,,,
460,CABO JUNIO AMARAL,76/2021,WifiBrasil,Junho,,4385.653667750768,0.0,435038.683468484,,,
461,LEUR LOMANTO,77/2021,WifiBrasil,Junho,,644.5550820231183,0.0,63937.19512513802,,,
462,BANCADA-DE ALAGOAS,01/2021,GESAC,Julho,100000.0,13197.589828445743,100000.0,1209626.8014248305,,,
463,BANCADA-DE ALAGOAS,02/2021,GESAC,Julho,,3826.2207445068957,0.0,379684.57122174604,,,
464,BANCADA-DE ALAGOAS,03/2021,GESAC,Julho,,52588.481632589435,0.0,5218474.425067611,,,
465,BANCADA-DE MINAS GERAIS,04/2021,GESAC,Julho,,134755.2998592476,0.0,13372074.34264488,,,
466,BANCADA-DE SAO PAULO,05/2021,GESAC,Julho,,10080.683736061927,0.0,1000329.1335042845,,,
467,BANCADA-DO ESPIRITO SANTO,06/2021,GESAC,Julho,,9525.467342629201,0.0,945233.7502652404,,,
468,BANCADA-DO ESPIRITO SANTO,07/2021,GESAC,Julho,,21743.165623664936,0.0,2157623.6887734933,,,
469,BANCADA-DO ESPIRITO SANTO,08/2021,GESAC,Julho,,27105.425534908893,0.0,2689732.913810536,,,
470,BANCADA-DO MARANHAO,09/2021,GESAC,Julho,,7231.095518534003,0.0,717558.025202726,,,
471,BANCADA-DO PARA,10/2021,GESAC,Julho,,0.0,0.0,0.0,,,
472,BANCADA-DO PARA,11/2021,GESAC,Julho,,3222.523498063276,0.0,319778.32287139515,,,
473,CABO JUNIO AMARAL,12/2021,GESAC,Julho,,1200.0734697723915,0.0,119086.01495595239,,,
474,CELSO SABINO,13/2021,GESAC,Julho,,586.2730621971303,0.0,58177.20698910301,,,
475,CORONEL CHRISOSTOMO,14/2021,GESAC,Julho,,704.3647706092561,0.0,69895.71532077008,,,
476,DIMAS FABIANO,15/2021,GESAC,Julho,,0.0,0.0,0.0,,,
477,EDNA HENRIQUE,16/2021,GESAC,Julho,,1311.0260594034214,0.0,130096.09232288934,,,
478,ELIAS VAZ,17/2021,GESAC,Julho,,3668.4734270613985,0.0,364030.9467747872,,,
479,EXPEDITO NETTO,18/2021,GESAC,Julho,,1755.2193272824136,0.0,174174.3987552477,,,
480,FABIO REIS,19/2021,GESAC,Julho,,0.0,0.0,0.0,,,
481,FLAVIA ARRUDA,20/2021,GESAC,Julho,,8367.238367235494,0.0,830300.0594868646,,,
482,FLAVIANO MELO,21/2021,GESAC,Julho,,0.0,0.0,0.0,,,
483,FLAVIANO MELO,22/2021,GESAC,Julho,,4311.731240346849,0.0,427862.8799879871,,,
484,GENERAL GIRAO,23/2021,GESAC,Julho,,0.0,0.0,0.0,,,
485,JOAO ROMA,24/2021,GESAC,Julho,,29.174697838518476,0.0,2895.071502407387,,,
486,JOENIA WAPICHANA,25/2021,GESAC,Julho,,0.0,0.0,0.0,,,
487,JOSE NUNES,26/2021,GESAC,Julho,,998.5261310330313,0.0,99086.01495595239,,,
488,JOSIVALDO JP,27/2021,GESAC,Julho,,0.0,0.0,0.0,,,
489,JUNIOR LOURENCO,28/2021,GESAC,Julho,,2806.3118045780925,0.0,278476.691593254,,,
490,LEO DE BRITO,29/2021,GESAC,Julho,,3167.651679944467,0.0,314333.26778289623,,,
491,LEUR LOMANTO,30/2021,GESAC,Julho,,168.9816939434557,0.0,16768.437132477542,,,
492,LUCIANO BIVAR,31/2021,GESAC,Julho,,0.0,0.0,0.0,,,
493,LUIS TIBE,32/2021,GESAC,Julho,,998.5261310330313,0.0,99086.01495595239,,,
494,MARA ROCHA,33/2021,GESAC,Julho,,3652.9492327725534,0.0,362490.445730621,,,
495,MARX BELTRAO,34/2021,GESAC,Julho,,1401.6208085117514,0.0,139086.01495595239,,,
496,MINISTERIO DAS COMUNICACOES,35/2021,GESAC,Julho,,150934.18882368642,0.0,14977542.225836456,,,
497,MINISTERIO DAS COMUNICACOES,36/2021,GESAC,Julho,,36733.66856890245,0.0,3645165.329263538,,,
498,MINISTERIO DAS COMUNICACOES,37/2021,GESAC,Julho,,100983.01325854553,0.0,10020773.66936968,,,
499,MINISTERIO DA EDUCACAO,38/2021,GESAC,Julho,,170842.95843840437,0.0,16953134.633976746,,,
500,MINISTERIO DA EDUCACAO,39/2021,GESAC,Julho,,32026.82733606772,0.0,3178094.787694979,,,
501,MINISTERIO DA JUSTICA,40/2021,GESAC,Julho,,5665.880963059362,0.0,562238.2313255399,,,
502,MINISTERIO DO MEIO AMBIENTE,41/2021,GESAC,Julho,,694.192926694842,0.0,68886.34015580516,,,
503,PERPETUA ALMEIDA,42/2021,GESAC,Julho,,3105.562625132543,0.0,308172.02991190477,,,
504,POLICIA RODOVIARIA FEDERAL RO,43/2021,GESAC,Julho,,0.0,0.0,0.0,,,
505,ADOR CONFUCIO MOURA,44/2021,GESAC,Julho,,0.0,0.0,0.0,,,
506,SERGIO PETECAO,45/2021,GESAC,Julho,,1389.2447290559753,0.0,137857.90849389875,,,
507,SORAYA THRONICKE,46/2021,GESAC,Julho,,2907.0854739477722,0.0,288476.691593254,,,
508,ULDURICO JUNIOR,47/2021,GESAC,Julho,,2742.191683278522,0.0,272113.90638352314,,,
509,BANCADA-DE ALAGOAS,48/2021,WifiBrasil,Julho,,5080.273155834499,0.0,504127.0390976765,,,
510,BANCADA-DE ALAGOAS,49/2021,WifiBrasil,Julho,,5684.91517205258,0.0,564127.0390976765,,,
511,BANCADA-DE ALAGOAS,50/2021,WifiBrasil,Julho,,1075.8953601485418,0.0,106763.5392139694,,,
512,BANCADA-DE MINAS GERAIS,51/2021,WifiBrasil,Julho,,1386.2226950925622,0.0,137558.025202726,,,
513,BANCADA-DE SAO PAULO,52/2021,WifiBrasil,Julho,,47287.05987431946,0.0,4692402.308072234,,,
514,BANCADA-DO ESPIRITO SANTO,53/2021,WifiBrasil,Julho,,6271.010324354194,0.0,622286.5916839351,,,
515,BANCADA-DO ESPIRITO SANTO,54/2021,WifiBrasil,Julho,,7163.905209679841,0.0,710890.5783116459,,,
516,BANCADA-DO PARA,55/2021,WifiBrasil,Julho,,7644.897447138174,0.0,758620.5300407878,,,
517,BANCADA-DO PARA,56/2021,WifiBrasil,Julho,,1469.8266506097345,0.0,145854.2355164021,,,
518,CORONEL CHRISOSTOMO,57/2021,WifiBrasil,Julho,,2474.6825824632997,0.0,245568.37097844755,,,
519,DIMAS FABIANO,58/2021,WifiBrasil,Julho,,0.0,0.0,0.0,,,
520,EDNA HENRIQUE,59/2021,WifiBrasil,Julho,,442.7712374571775,0.0,43937.19512513802,,,
521,FABIO REIS,60/2021,WifiBrasil,Julho,,231.04497845646725,0.0,22927.117758201057,,,
522,FLAVIA ARRUDA,61/2021,WifiBrasil,Julho,,0.0,0.0,0.0,,,
523,GENERAL GIRAO,62/2021,WifiBrasil,Julho,,3247.511641950684,0.0,322257.95312041795,,,
524,JOSE NUNES,63/2021,WifiBrasil,Julho,,140.4502293481375,0.0,13937.195125138023,,,
525,JOSIVALDO JP,64/2021,WifiBrasil,Julho,,140.4502293481375,0.0,13937.195125138023,,,
526,JUNIOR LOURENCO,65/2021,WifiBrasil,Julho,,85.49349506609417,0.0,8483.713612974461,,,
527,LEO DE BRITO,66/2021,WifiBrasil,Julho,,469.22227744281594,0.0,46561.991875230044,,,
528,LUCIANO BIVAR,67/2021,WifiBrasil,Julho,,1327.3217669508304,0.0,131713.15237928455,,,
529,LUIS TIBE,68/2021,WifiBrasil,Julho,,241.22389871781752,0.0,23937.195125138023,,,
530,MARA ROCHA,69/2021,WifiBrasil,Julho,,0.0,0.0,0.0,,,
531,MARX BELTRAO,70/2021,WifiBrasil,Julho,,1226.5480975811504,0.0,121713.15237928455,,,
532,PERPETUA ALMEIDA,71/2021,WifiBrasil,Julho,,341.99756808749754,0.0,33937.19512513802,,,
533,SERGIO PETECAO,72/2021,WifiBrasil,Julho,,1259.0752091718016,0.0,124940.89150936707,,,
534,ULDURICO JUNIOR,73/2021,WifiBrasil,Julho,,946.7726540599881,0.0,93950.39993897907,,,
535,SORAYA THRONICKE,74/2021,WifiBrasil,Julho,,1233.6804181110317,0.0,122420.90873811248,,,
536,MCOM,75/2021,WifiBrasil,Julho,,973.0906242912159,0.0,96561.99187523004,,,
537,CABO JUNIO AMARAL,76/2021,WifiBrasil,Julho,,4384.044445087388,0.0,435038.683468484,,,
538,LEUR LOMANTO,77/2021,WifiBrasil,Julho,,644.3185761965375,0.0,63937.19512513802,,,
539,BANCADA-DE ALAGOAS,01/2021,GESAC,Agosto,100000.0,12198.803677275055,100000.0,1109626.8014248305,,,
540,BANCADA-DE ALAGOAS,02/2021,GESAC,Agosto,,3829.0301919308663,0.0,379684.57122174604,,,
541,BANCADA-DE ALAGOAS,03/2021,GESAC,Agosto,,52627.095341551554,0.0,5218474.425067611,,,
542,BANCADA-DE MINAS GERAIS,04/2021,GESAC,Agosto,,134854.2455174665,0.0,13372074.34264488,,,
543,BANCADA-DE SAO PAULO,05/2021,GESAC,Agosto,,10088.085596238134,0.0,1000329.1335042845,,,
544,BANCADA-DO ESPIRITO SANTO,06/2021,GESAC,Agosto,,9532.461528661539,0.0,945233.7502652404,,,
545,BANCADA-DO ESPIRITO SANTO,07/2021,GESAC,Agosto,,21759.130797848386,0.0,2157623.6887734933,,,
546,BANCADA-DO ESPIRITO SANTO,08/2021,GESAC,Agosto,,27125.32801127647,0.0,2689732.913810536,,,
547,BANCADA-DO MARANHAO,09/2021,GESAC,Agosto,,7236.405035165053,0.0,717558.025202726,,,
548,BANCADA-DO PARA,10/2021,GESAC,Agosto,,0.0,0.0,0.0,,,
549,BANCADA-DO PARA,11/2021,GESAC,Agosto,,3224.88967370887,0.0,319778.32287139515,,,
550,CABO JUNIO AMARAL,12/2021,GESAC,Agosto,,1200.954637782122,0.0,119086.01495595239,,,
551,CELSO SABINO,13/2021,GESAC,Agosto,,586.7035400640171,0.0,58177.20698910301,,,
552,CORONEL CHRISOSTOMO,14/2021,GESAC,Agosto,,704.8819586970487,0.0,69895.71532077008,,,
553,DIMAS FABIANO,15/2021,GESAC,Agosto,,0.0,0.0,0.0,,,
554,EDNA HENRIQUE,16/2021,GESAC,Agosto,,1311.9886956524244,0.0,130096.09232288934,,,
555,ELIAS VAZ,17/2021,GESAC,Agosto,,3671.1670466687774,0.0,364030.9467747872,,,
556,EXPEDITO NETTO,18/2021,GESAC,Agosto,,1756.5081176441868,0.0,174174.3987552477,,,
557,FABIO REIS,19/2021,GESAC,Agosto,,0.0,0.0,0.0,,,
558,FLAVIA ARRUDA,20/2021,GESAC,Agosto,,8373.382110068504,0.0,830300.0594868646,,,
559,FLAVIANO MELO,21/2021,GESAC,Agosto,,0.0,0.0,0.0,,,
560,FLAVIANO MELO,22/2021,GESAC,Agosto,,4314.897179542448,0.0,427862.8799879871,,,
561,GENERAL GIRAO,23/2021,GESAC,Agosto,,0.0,0.0,0.0,,,
562,JOAO ROMA,24/2021,GESAC,Agosto,,29.196119702326314,0.0,2895.071502407387,,,
563,JOENIA WAPICHANA,25/2021,GESAC,Agosto,,0.0,0.0,0.0,,,
564,JOSE NUNES,26/2021,GESAC,Agosto,,999.2593105472101,0.0,99086.01495595239,,,
565,JOSIVALDO JP,27/2021,GESAC,Agosto,,0.0,0.0,0.0,,,
566,JUNIOR LOURENCO,28/2021,GESAC,Agosto,,2808.3723719098516,0.0,278476.691593254,,,
567,LEO DE BRITO,29/2021,GESAC,Agosto,,3169.977565314524,0.0,314333.26778289623,,,
568,LEUR LOMANTO,30/2021,GESAC,Agosto,,169.10577073265537,0.0,16768.437132477542,,,
569,LUCIANO BIVAR,31/2021,GESAC,Agosto,,0.0,0.0,0.0,,,
570,LUIS TIBE,32/2021,GESAC,Agosto,,999.2593105472101,0.0,99086.01495595239,,,
571,MARA ROCHA,33/2021,GESAC,Agosto,,3655.631453558336,0.0,362490.445730621,,,
572,MARX BELTRAO,34/2021,GESAC,Agosto,,1402.6499650170342,0.0,139086.01495595239,,,
573,MINISTERIO DAS COMUNICACOES,35/2021,GESAC,Agosto,,151045.01402073982,0.0,14977542.225836456,,,
574,MINISTERIO DAS COMUNICACOES,36/2021,GESAC,Agosto,,36760.64069555826,0.0,3645165.329263538,,,
575,MINISTERIO DAS COMUNICACOES,37/2021,GESAC,Agosto,,101057.16121952538,0.0,10020773.66936968,,,
576,MINISTERIO DA EDUCACAO,38/2021,GESAC,Agosto,,170968.401882873,0.0,16953134.633976746,,,
577,MINISTERIO DA EDUCACAO,39/2021,GESAC,Agosto,,32050.34340938535,0.0,3178094.787694979,,,
578,MINISTERIO DA JUSTICA,40/2021,GESAC,Agosto,,5670.041202559146,0.0,562238.2313255399,,,
579,MINISTERIO DO MEIO AMBIENTE,41/2021,GESAC,Agosto,,694.7026459870291,0.0,68886.34015580516,,,
580,PERPETUA ALMEIDA,42/2021,GESAC,Agosto,,3107.8429208864363,0.0,308172.02991190477,,,
581,POLICIA RODOVIARIA FEDERAL RO,43/2021,GESAC,Agosto,,0.0,0.0,0.0,,,
582,ADOR CONFUCIO MOURA,44/2021,GESAC,Agosto,,0.0,0.0,0.0,,,
583,SERGIO PETECAO,45/2021,GESAC,Agosto,,1390.2647982798733,0.0,137857.90849389875,,,
584,SORAYA THRONICKE,46/2021,GESAC,Agosto,,2909.2200355273076,0.0,288476.691593254,,,
585,ULDURICO JUNIOR,47/2021,GESAC,Agosto,,2744.2051696597455,0.0,272113.90638352314,,,
586,BANCADA-DE ALAGOAS,48/2021,WifiBrasil,Agosto,,5084.003405938657,0.0,504127.0390976765,,,
587,BANCADA-DE ALAGOAS,49/2021,WifiBrasil,Agosto,,5689.089387643394,0.0,564127.0390976765,,,
588,BANCADA-DE ALAGOAS,50/2021,WifiBrasil,Agosto,,1076.685348925946,0.0,106763.5392139694,,,
589,BANCADA-DE MINAS GERAIS,51/2021,WifiBrasil,Agosto,,1387.2405453526048,0.0,137558.025202726,,,
590,BANCADA-DE SAO PAULO,52/2021,WifiBrasil,Agosto,,47321.780952224275,0.0,4692402.308072234,,,
591,BANCADA-DO ESPIRITO SANTO,53/2021,WifiBrasil,Agosto,,6275.6148871794685,0.0,622286.5916839351,,,
592,BANCADA-DO ESPIRITO SANTO,54/2021,WifiBrasil,Agosto,,7169.165391039163,0.0,710890.5783116459,,,
593,BANCADA-DO PARA,55/2021,WifiBrasil,Agosto,,7650.510802684955,0.0,758620.5300407878,,,
594,BANCADA-DO PARA,56/2021,WifiBrasil,Agosto,,1470.9058880539326,0.0,145854.2355164021,,,
595,CORONEL CHRISOSTOMO,57/2021,WifiBrasil,Agosto,,2476.4996471521126,0.0,245568.37097844755,,,
596,DIMAS FABIANO,58/2021,WifiBrasil,Agosto,,0.0,0.0,0.0,,,
597,EDNA HENRIQUE,59/2021,WifiBrasil,Agosto,,443.0963474274447,0.0,43937.19512513802,,,
598,FABIO REIS,60/2021,WifiBrasil,Agosto,,231.21462593968621,0.0,22927.117758201057,,,
599,FLAVIA ARRUDA,61/2021,WifiBrasil,Agosto,,0.0,0.0,0.0,,,
600,GENERAL GIRAO,62/2021,WifiBrasil,Agosto,,3249.896165433782,0.0,322257.95312041795,,,
601,JOSE NUNES,63/2021,WifiBrasil,Agosto,,140.5533565750767,0.0,13937.195125138023,,,
602,JOSIVALDO JP,64/2021,WifiBrasil,Agosto,,140.5533565750767,0.0,13937.195125138023,,,
603,JUNIOR LOURENCO,65/2021,WifiBrasil,Agosto,,85.55626966680808,0.0,8483.713612974461,,,
604,LEO DE BRITO,66/2021,WifiBrasil,Agosto,,469.5668093991919,0.0,46561.991875230044,,,
605,LUCIANO BIVAR,67/2021,WifiBrasil,Agosto,,1328.2963685140815,0.0,131713.15237928455,,,
606,LUIS TIBE,68/2021,WifiBrasil,Agosto,,241.4010201925327,0.0,23937.195125138023,,,
607,MARA ROCHA,69/2021,WifiBrasil,Agosto,,0.0,0.0,0.0,,,
608,MARX BELTRAO,70/2021,WifiBrasil,Agosto,,1227.4487048966255,0.0,121713.15237928455,,,
609,PERPETUA ALMEIDA,71/2021,WifiBrasil,Agosto,,342.24868380998873,0.0,33937.19512513802,,,
610,SERGIO PETECAO,72/2021,WifiBrasil,Agosto,,1259.9996999001714,0.0,124940.89150936707,,,
611,ULDURICO JUNIOR,73/2021,WifiBrasil,Agosto,,947.4678329771621,0.0,93950.39993897907,,,
612,SORAYA THRONICKE,74/2021,WifiBrasil,Agosto,,1234.586262416445,0.0,122420.90873811248,,,
613,MCOM,75/2021,WifiBrasil,Agosto,,973.805127486472,0.0,96561.99187523004,,,
614,CABO JUNIO AMARAL,76/2021,WifiBrasil,Agosto,,4387.263481101059,0.0,435038.683468484,,,
615,LEUR LOMANTO,77/2021,WifiBrasil,Agosto,,644.7916746623567,0.0,63937.19512513802,,,
616,BANCADA-DE ALAGOAS,01/2021,GESAC,Setembro,100000.0,11182.116441052143,100000.0,1009626.8014248305,,,
617,BANCADA-DE ALAGOAS,02/2021,GESAC,Setembro,,3826.2207445068957,0.0,379684.57122174604,,,
618,BANCADA-DE ALAGOAS,03/2021,GESAC,Setembro,,52588.481632589435,0.0,5218474.425067611,,,
619,BANCADA-DE MINAS GERAIS,04/2021,GESAC,Setembro,,134755.2998592476,0.0,13372074.34264488,,,
620,BANCADA-DE SAO PAULO,05/2021,GESAC,Setembro,,10080.683736061927,0.0,1000329.1335042845,,,
621,BANCADA-DO ESPIRITO SANTO,06/2021,GESAC,Setembro,,9525.467342629201,0.0,945233.7502652404,,,
622,BANCADA-DO ESPIRITO SANTO,07/2021,GESAC,Setembro,,21743.165623664936,0.0,2157623.6887734933,,,
623,BANCADA-DO ESPIRITO SANTO,08/2021,GESAC,Setembro,,27105.425534908893,0.0,2689732.913810536,,,
624,BANCADA-DO MARANHAO,09/2021,GESAC,Setembro,,7231.095518534003,0.0,717558.025202726,,,
625,BANCADA-DO PARA,10/2021,GESAC,Setembro,,0.0,0.0,0.0,,,
626,BANCADA-DO PARA,11/2021,GESAC,Setembro,,3222.523498063276,0.0,319778.32287139515,,,
627,CABO JUNIO AMARAL,12/2021,GESAC,Setembro,,1200.0734697723915,0.0,119086.01495595239,,,
628,CELSO SABINO,13/2021,GESAC,Setembro,,586.2730621971303,0.0,58177.20698910301,,,
629,CORONEL CHRISOSTOMO,14/2021,GESAC,Setembro,,704.3647706092561,0.0,69895.71532077008,,,
630,DIMAS FABIANO,15/2021,GESAC,Setembro,,0.0,0.0,0.0,,,
631,EDNA HENRIQUE,16/2021,GESAC,Setembro,,1311.0260594034214,0.0,130096.09232288934,,,
632,ELIAS VAZ,17/2021,GESAC,Setembro,,3668.4734270613985,0.0,364030.9467747872,,,
633,EXPEDITO NETTO,18/2021,GESAC,Setembro,,1755.2193272824136,0.0,174174.3987552477,,,
634,FABIO REIS,19/2021,GESAC,Setembro,,0.0,0.0,0.0,,,
635,FLAVIA ARRUDA,20/2021,GESAC,Setembro,,8367.238367235494,0.0,830300.0594868646,,,
636,FLAVIANO MELO,21/2021,GESAC,Setembro,,0.0,0.0,0.0,,,
637,FLAVIANO MELO,22/2021,GESAC,Setembro,,4311.731240346849,0.0,427862.8799879871,,,
638,GENERAL GIRAO,23/2021,GESAC,Setembro,,0.0,0.0,0.0,,,
639,JOAO ROMA,24/2021,GESAC,Setembro,,29.174697838518476,0.0,2895.071502407387,,,
640,JOENIA WAPICHANA,25/2021,GESAC,Setembro,,0.0,0.0,0.0,,,
641,JOSE NUNES,26/2021,GESAC,Setembro,,998.5261310330313,0.0,99086.01495595239,,,
642,JOSIVALDO JP,27/2021,GESAC,Setembro,,0.0,0.0,0.0,,,
643,JUNIOR LOURENCO,28/2021,GESAC,Setembro,,2806.3118045780925,0.0,278476.691593254,,,
644,LEO DE BRITO,29/2021,GESAC,Setembro,,3167.651679944467,0.0,314333.26778289623,,,
645,LEUR LOMANTO,30/2021,GESAC,Setembro,,168.9816939434557,0.0,16768.437132477542,,,
646,LUCIANO BIVAR,31/2021,GESAC,Setembro,,0.0,0.0,0.0,,,
647,LUIS TIBE,32/2021,GESAC,Setembro,,998.5261310330313,0.0,99086.01495595239,,,
648,MARA ROCHA,33/2021,GESAC,Setembro,,3652.9492327725534,0.0,362490.445730621,,,
649,MARX BELTRAO,34/2021,GESAC,Setembro,,1401.6208085117514,0.0,139086.01495595239,,,
650,MINISTERIO DAS COMUNICACOES,35/2021,GESAC,Setembro,,150934.18882368642,0.0,14977542.225836456,,,
651,MINISTERIO DAS COMUNICACOES,36/2021,GESAC,Setembro,,36733.66856890245,0.0,3645165.329263538,,,
652,MINISTERIO DAS COMUNICACOES,37/2021,GESAC,Setembro,,100983.01325854553,0.0,10020773.66936968,,,
653,MINISTERIO DA EDUCACAO,38/2021,GESAC,Setembro,,170842.95843840437,0.0,16953134.633976746,,,
654,MINISTERIO DA EDUCACAO,39/2021,GESAC,Setembro,,32026.82733606772,0.0,3178094.787694979,,,
655,MINISTERIO DA JUSTICA,40/2021,GESAC,Setembro,,5665.880963059362,0.0,562238.2313255399,,,
656,MINISTERIO DO MEIO AMBIENTE,41/2021,GESAC,Setembro,,694.192926694842,0.0,68886.34015580516,,,
657,PERPETUA ALMEIDA,42/2021,GESAC,Setembro,,3105.562625132543,0.0,308172.02991190477,,,
658,POLICIA RODOVIARIA FEDERAL RO,43/2021,GESAC,Setembro,,0.0,0.0,0.0,,,
659,ADOR CONFUCIO MOURA,44/2021,GESAC,Setembro,,0.0,0.0,0.0,,,
660,SERGIO PETECAO,45/2021,GESAC,Setembro,,1389.2447290559753,0.0,137857.90849389875,,,
661,SORAYA THRONICKE,46/2021,GESAC,Setembro,,2907.0854739477722,0.0,288476.691593254,,,
662,ULDURICO JUNIOR,47/2021,GESAC,Setembro,,2742.191683278522,0.0,272113.90638352314,,,
663,BANCADA-DE ALAGOAS,48/2021,WifiBrasil,Setembro,,5080.273155834499,0.0,504127.0390976765,,,
664,BANCADA-DE ALAGOAS,49/2021,WifiBrasil,Setembro,,5684.91517205258,0.0,564127.0390976765,,,
665,BANCADA-DE ALAGOAS,50/2021,WifiBrasil,Setembro,,1075.8953601485418,0.0,106763.5392139694,,,
666,BANCADA-DE MINAS GERAIS,51/2021,WifiBrasil,Setembro,,1386.2226950925622,0.0,137558.025202726,,,
667,BANCADA-DE SAO PAULO,52/2021,WifiBrasil,Setembro,,47287.05987431946,0.0,4692402.308072234,,,
668,BANCADA-DO ESPIRITO SANTO,53/2021,WifiBrasil,Setembro,,6271.010324354194,0.0,622286.5916839351,,,
669,BANCADA-DO ESPIRITO SANTO,54/2021,WifiBrasil,Setembro,,7163.905209679841,0.0,710890.5783116459,,,
670,BANCADA-DO PARA,55/2021,WifiBrasil,Setembro,,7644.897447138174,0.0,758620.5300407878,,,
671,BANCADA-DO PARA,56/2021,WifiBrasil,Setembro,,1469.8266506097345,0.0,145854.2355164021,,,
672,CORONEL CHRISOSTOMO,57/2021,WifiBrasil,Setembro,,2474.6825824632997,0.0,245568.37097844755,,,
673,DIMAS FABIANO,58/2021,WifiBrasil,Setembro,,0.0,0.0,0.0,,,
674,EDNA HENRIQUE,59/2021,WifiBrasil,Setembro,,442.7712374571775,0.0,43937.19512513802,,,
675,FABIO REIS,60/2021,WifiBrasil,Setembro,,231.04497845646725,0.0,22927.117758201057,,,
676,FLAVIA ARRUDA,61/2021,WifiBrasil,Setembro,,0.0,0.0,0.0,,,
677,GENERAL GIRAO,62/2021,WifiBrasil,Setembro,,3247.511641950684,0.0,322257.95312041795,,,
678,JOSE NUNES,63/2021,WifiBrasil,Setembro,,140.4502293481375,0.0,13937.195125138023,,,
679,JOSIVALDO JP,64/2021,WifiBrasil,Setembro,,140.4502293481375,0.0,13937.195125138023,,,
680,JUNIOR LOURENCO,65/2021,WifiBrasil,Setembro,,85.49349506609417,0.0,8483.713612974461,,,
681,LEO DE BRITO,66/2021,WifiBrasil,Setembro,,469.22227744281594,0.0,46561.991875230044,,,
682,LUCIANO BIVAR,67/2021,WifiBrasil,Setembro,,1327.3217669508304,0.0,131713.15237928455,,,
683,LUIS TIBE,68/2021,WifiBrasil,Setembro,,241.22389871781752,0.0,23937.195125138023,,,
684,MARA ROCHA,69/2021,WifiBrasil,Setembro,,0.0,0.0,0.0,,,
685,MARX BELTRAO,70/2021,WifiBrasil,Setembro,,1226.5480975811504,0.0,121713.15237928455,,,
686,PERPETUA ALMEIDA,71/2021,WifiBrasil,Setembro,,341.99756808749754,0.0,33937.19512513802,,,
687,SERGIO PETECAO,72/2021,WifiBrasil,Setembro,,1259.0752091718016,0.0,124940.89150936707,,,
688,ULDURICO JUNIOR,73/2021,WifiBrasil,Setembro,,946.7726540599881,0.0,93950.39993897907,,,
689,SORAYA THRONICKE,74/2021,WifiBrasil,Setembro,,1233.6804181110317,0.0,122420.90873811248,,,
690,MCOM,75/2021,WifiBrasil,Setembro,,973.0906242912159,0.0,96561.99187523004,,,
691,CABO JUNIO AMARAL,76/2021,WifiBrasil,Setembro,,4384.044445087388,0.0,435038.683468484,,,
692,LEUR LOMANTO,77/2021,WifiBrasil,Setembro,,644.3185761965375,0.0,63937.19512513802,,,
693,BANCADA-DE ALAGOAS,01/2021,GESAC,Outubro,100000.0,10170.64647434397,100000.0,909626.8014248305,,,
694,BANCADA-DE ALAGOAS,02/2021,GESAC,Outubro,,3824.8167938980405,0.0,379684.57122174604,,,
695,BANCADA-DE ALAGOAS,03/2021,GESAC,Outubro,,52569.185403820404,0.0,5218474.425067611,,,
696,BANCADA-DE MINAS GERAIS,04/2021,GESAC,Outubro,,134705.85425798286,0.0,13372074.34264488,,,
697,BANCADA-DE SAO PAULO,05/2021,GESAC,Outubro,,10076.984842816093,0.0,1000329.1335042845,,,
698,BANCADA-DO ESPIRITO SANTO,06/2021,GESAC,Outubro,,9521.972174271623,0.0,945233.7502652404,,,
699,BANCADA-DO ESPIRITO SANTO,07/2021,GESAC,Outubro,,21735.187429866368,0.0,2157623.6887734933,,,
700,BANCADA-DO ESPIRITO SANTO,08/2021,GESAC,Outubro,,27095.479773484218,0.0,2689732.913810536,,,
701,BANCADA-DO MARANHAO,09/2021,GESAC,Outubro,,7228.442221290107,0.0,717558.025202726,,,
702,BANCADA-DO PARA,10/2021,GESAC,Outubro,,0.0,0.0,0.0,,,
703,BANCADA-DO PARA,11/2021,GESAC,Outubro,,3221.3410613641777,0.0,319778.32287139515,,,
704,CABO JUNIO AMARAL,12/2021,GESAC,Outubro,,1199.633128247147,0.0,119086.01495595239,,,
705,CELSO SABINO,13/2021,GESAC,Outubro,,586.0579417224926,0.0,58177.20698910301,,,
706,CORONEL CHRISOSTOMO,14/2021,GESAC,Outubro,,704.1063188850652,0.0,69895.71532077008,,,
707,DIMAS FABIANO,15/2021,GESAC,Outubro,,0.0,0.0,0.0,,,
708,EDNA HENRIQUE,16/2021,GESAC,Outubro,,1310.5450061769534,0.0,130096.09232288934,,,
709,ELIAS VAZ,17/2021,GESAC,Outubro,,3667.127358487366,0.0,364030.9467747872,,,
710,EXPEDITO NETTO,18/2021,GESAC,Outubro,,1754.5752867505782,0.0,174174.3987552477,,,
711,FABIO REIS,19/2021,GESAC,Outubro,,0.0,0.0,0.0,,,
712,FLAVIA ARRUDA,20/2021,GESAC,Outubro,,8364.168186452804,0.0,830300.0594868646,,,
713,FLAVIANO MELO,21/2021,GESAC,Outubro,,0.0,0.0,0.0,,,
714,FLAVIANO MELO,22/2021,GESAC,Outubro,,4310.149141951508,0.0,427862.8799879871,,,
715,GENERAL GIRAO,23/2021,GESAC,Outubro,,0.0,0.0,0.0,,,
716,JOAO ROMA,24/2021,GESAC,Outubro,,29.163992801478376,0.0,2895.071502407387,,,
717,JOENIA WAPICHANA,25/2021,GESAC,Outubro,,0.0,0.0,0.0,,,
718,JOSE NUNES,26/2021,GESAC,Outubro,,998.159743032121,0.0,99086.01495595239,,,
719,JOSIVALDO JP,27/2021,GESAC,Outubro,,0.0,0.0,0.0,,,
720,JUNIOR LOURENCO,28/2021,GESAC,Outubro,,2805.2820879386823,0.0,278476.691593254,,,
721,LEO DE BRITO,29/2021,GESAC,Outubro,,3166.4893772960686,0.0,314333.26778289623,,,
722,LEUR LOMANTO,30/2021,GESAC,Outubro,,168.9196896922797,0.0,16768.437132477542,,,
723,LUCIANO BIVAR,31/2021,GESAC,Outubro,,0.0,0.0,0.0,,,
724,LUIS TIBE,32/2021,GESAC,Outubro,,998.159743032121,0.0,99086.01495595239,,,
725,MARA ROCHA,33/2021,GESAC,Outubro,,3651.6088604725937,0.0,362490.445730621,,,
726,MARX BELTRAO,34/2021,GESAC,Outubro,,1401.106513462173,0.0,139086.01495595239,,,
727,MINISTERIO DAS COMUNICACOES,35/2021,GESAC,Outubro,,150878.8067220133,0.0,14977542.225836456,,,
728,MINISTERIO DAS COMUNICACOES,36/2021,GESAC,Outubro,,36720.189927758496,0.0,3645165.329263538,,,
729,MINISTERIO DAS COMUNICACOES,37/2021,GESAC,Outubro,,100945.95968207536,0.0,10020773.66936968,,,
730,MINISTERIO DA EDUCACAO,38/2021,GESAC,Outubro,,170780.2712356698,0.0,16953134.633976746,,,
731,MINISTERIO DA EDUCACAO,39/2021,GESAC,Outubro,,32015.075770556836,0.0,3178094.787694979,,,
732,MINISTERIO DA JUSTICA,40/2021,GESAC,Outubro,,5663.801988123269,0.0,562238.2313255399,,,
733,MINISTERIO DO MEIO AMBIENTE,41/2021,GESAC,Outubro,,693.9382073131923,0.0,68886.34015580516,,,
734,PERPETUA ALMEIDA,42/2021,GESAC,Outubro,,3104.423104746885,0.0,308172.02991190477,,,
735,POLICIA RODOVIARIA FEDERAL RO,43/2021,GESAC,Outubro,,0.0,0.0,0.0,,,
736,ADOR CONFUCIO MOURA,44/2021,GESAC,Outubro,,0.0,0.0,0.0,,,
737,SERGIO PETECAO,45/2021,GESAC,Outubro,,1388.7349751464533,0.0,137857.90849389875,,,
738,SORAYA THRONICKE,46/2021,GESAC,Outubro,,2906.0187805461956,0.0,288476.691593254,,,
739,ULDURICO JUNIOR,47/2021,GESAC,Outubro,,2741.185494158654,0.0,272113.90638352314,,,
740,BANCADA-DE ALAGOAS,48/2021,WifiBrasil,Outubro,,5078.409057271832,0.0,504127.0390976765,,,
741,BANCADA-DE ALAGOAS,49/2021,WifiBrasil,Outubro,,5682.82921291691,0.0,564127.0390976765,,,
742,BANCADA-DE ALAGOAS,50/2021,WifiBrasil,Outubro,,1075.5005831487795,0.0,106763.5392139694,,,
743,BANCADA-DE MINAS GERAIS,51/2021,WifiBrasil,Outubro,,1385.7140500543535,0.0,137558.025202726,,,
744,BANCADA-DE SAO PAULO,52/2021,WifiBrasil,Outubro,,47269.708889905705,0.0,4692402.308072234,,,
745,BANCADA-DO ESPIRITO SANTO,53/2021,WifiBrasil,Outubro,,6268.709310024153,0.0,622286.5916839351,,,
746,BANCADA-DO ESPIRITO SANTO,54/2021,WifiBrasil,Outubro,,7161.2765664957415,0.0,710890.5783116459,,,
747,BANCADA-DO PARA,55/2021,WifiBrasil,Outubro,,7642.092314046741,0.0,758620.5300407878,,,
748,BANCADA-DO PARA,56/2021,WifiBrasil,Outubro,,1469.2873288719604,0.0,145854.2355164021,,,
749,CORONEL CHRISOSTOMO,57/2021,WifiBrasil,Outubro,,2473.774550138359,0.0,245568.37097844755,,,
750,DIMAS FABIANO,58/2021,WifiBrasil,Outubro,,0.0,0.0,0.0,,,
751,EDNA HENRIQUE,59/2021,WifiBrasil,Outubro,,442.60877193573475,0.0,43937.19512513802,,,
752,FABIO REIS,60/2021,WifiBrasil,Outubro,,230.96020139841522,0.0,22927.117758201057,,,
753,FLAVIA ARRUDA,61/2021,WifiBrasil,Outubro,,0.0,0.0,0.0,,,
754,GENERAL GIRAO,62/2021,WifiBrasil,Outubro,,3246.3200363817878,0.0,322257.95312041795,,,
755,JOSE NUNES,63/2021,WifiBrasil,Outubro,,140.39869411319577,0.0,13937.195125138023,,,
756,JOSIVALDO JP,64/2021,WifiBrasil,Outubro,,140.39869411319577,0.0,13937.195125138023,,,
757,JUNIOR LOURENCO,65/2021,WifiBrasil,Outubro,,85.46212504003817,0.0,8483.713612974461,,,
758,LEO DE BRITO,66/2021,WifiBrasil,Outubro,,469.0501062728566,0.0,46561.991875230044,,,
759,LUCIANO BIVAR,67/2021,WifiBrasil,Outubro,,1326.8347343598507,0.0,131713.15237928455,,,
760,LUIS TIBE,68/2021,WifiBrasil,Outubro,,241.13538672070877,0.0,23937.195125138023,,,
761,MARA ROCHA,69/2021,WifiBrasil,Outubro,,0.0,0.0,0.0,,,
762,MARX BELTRAO,70/2021,WifiBrasil,Outubro,,1226.0980417523376,0.0,121713.15237928455,,,
763,PERPETUA ALMEIDA,71/2021,WifiBrasil,Outubro,,341.87207932822173,0.0,33937.19512513802,,,
764,SERGIO PETECAO,72/2021,WifiBrasil,Outubro,,1258.613218208774,0.0,124940.89150936707,,,
765,ULDURICO JUNIOR,73/2021,WifiBrasil,Outubro,,946.4252559005843,0.0,93950.39993897907,,,
766,SORAYA THRONICKE,74/2021,WifiBrasil,Outubro,,1233.2277452283638,0.0,122420.90873811248,,,
767,MCOM,75/2021,WifiBrasil,Outubro,,972.7335693104216,0.0,96561.99187523004,,,
768,CABO JUNIO AMARAL,76/2021,WifiBrasil,Outubro,,4382.435812894182,0.0,435038.683468484,,,
769,LEUR LOMANTO,77/2021,WifiBrasil,Outubro,,644.0821571507607,0.0,63937.19512513802,,,
770,BANCADA-DE ALAGOAS,01/2021,GESAC,Novembro,100000.0,0.0,100000.0,809626.8014248305,,,
771,BANCADA-DE ALAGOAS,02/2021,GESAC,Novembro,,0.0,0.0,379684.57122174604,,,
772,BANCADA-DE ALAGOAS,03/2021,GESAC,Novembro,,0.0,0.0,5218474.425067611,,,
773,BANCADA-DE MINAS GERAIS,04/2021,GESAC,Novembro,,0.0,0.0,13372074.34264488,,,
774,BANCADA-DE SAO PAULO,05/2021,GESAC,Novembro,,0.0,0.0,1000329.1335042845,,,
775,BANCADA-DO ESPIRITO SANTO,06/2021,GESAC,Novembro,,0.0,0.0,945233.7502652404,,,
776,BANCADA-DO ESPIRITO SANTO,07/2021,GESAC,Novembro,,0.0,0.0,2157623.6887734933,,,
777,BANCADA-DO ESPIRITO SANTO,08/2021,GESAC,Novembro,,0.0,0.0,2689732.913810536,,,
778,BANCADA-DO MARANHAO,09/2021,GESAC,Novembro,,0.0,0.0,717558.025202726,,,
779,BANCADA-DO PARA,10/2021,GESAC,Novembro,,0.0,0.0,0.0,,,
780,BANCADA-DO PARA,11/2021,GESAC,Novembro,,0.0,0.0,319778.32287139515,,,
781,CABO JUNIO AMARAL,12/2021,GESAC,Novembro,,0.0,0.0,119086.01495595239,,,
782,CELSO SABINO,13/2021,GESAC,Novembro,,0.0,0.0,58177.20698910301,,,
783,CORONEL CHRISOSTOMO,14/2021,GESAC,Novembro,,0.0,0.0,69895.71532077008,,,
784,DIMAS FABIANO,15/2021,GESAC,Novembro,,0.0,0.0,0.0,,,
785,EDNA HENRIQUE,16/2021,GESAC,Novembro,,0.0,0.0,130096.09232288934,,,
786,ELIAS VAZ,17/2021,GESAC,Novembro,,0.0,0.0,364030.9467747872,,,
787,EXPEDITO NETTO,18/2021,GESAC,Novembro,,0.0,0.0,174174.3987552477,,,
788,FABIO REIS,19/2021,GESAC,Novembro,,0.0,0.0,0.0,,,
789,FLAVIA ARRUDA,20/2021,GESAC,Novembro,,0.0,0.0,830300.0594868646,,,
790,FLAVIANO MELO,21/2021,GESAC,Novembro,,0.0,0.0,0.0,,,
791,FLAVIANO MELO,22/2021,GESAC,Novembro,,0.0,0.0,427862.8799879871,,,
792,GENERAL GIRAO,23/2021,GESAC,Novembro,,0.0,0.0,0.0,,,
793,JOAO ROMA,24/2021,GESAC,Novembro,,0.0,0.0,2895.071502407387,,,
794,JOENIA WAPICHANA,25/2021,GESAC,Novembro,,0.0,0.0,0.0,,,
795,JOSE NUNES,26/2021,GESAC,Novembro,,0.0,0.0,99086.01495595239,,,
796,JOSIVALDO JP,27/2021,GESAC,Novembro,,0.0,0.0,0.0,,,
797,JUNIOR LOURENCO,28/2021,GESAC,Novembro,,0.0,0.0,278476.691593254,,,
798,LEO DE BRITO,29/2021,GESAC,Novembro,,0.0,0.0,314333.26778289623,,,
799,LEUR LOMANTO,30/2021,GESAC,Novembro,,0.0,0.0,16768.437132477542,,,
800,LUCIANO BIVAR,31/2021,GESAC,Novembro,,0.0,0.0,0.0,,,
801,LUIS TIBE,32/2021,GESAC,Novembro,,0.0,0.0,99086.01495595239,,,
802,MARA ROCHA,33/2021,GESAC,Novembro,,0.0,0.0,362490.445730621,,,
803,MARX BELTRAO,34/2021,GESAC,Novembro,,0.0,0.0,139086.01495595239,,,
804,MINISTERIO DAS COMUNICACOES,35/2021,GESAC,Novembro,,0.0,0.0,14977542.225836456,,,
805,MINISTERIO DAS COMUNICACOES,36/2021,GESAC,Novembro,,0.0,0.0,3645165.329263538,,,
806,MINISTERIO DAS COMUNICACOES,37/2021,GESAC,Novembro,,0.0,0.0,10020773.66936968,,,
807,MINISTERIO DA EDUCACAO,38/2021,GESAC,Novembro,,0.0,0.0,16953134.633976746,,,
808,MINISTERIO DA EDUCACAO,39/2021,GESAC,Novembro,,0.0,0.0,3178094.787694979,,,
809,MINISTERIO DA JUSTICA,40/2021,GESAC,Novembro,,0.0,0.0,562238.2313255399,,,
810,MINISTERIO DO MEIO AMBIENTE,41/2021,GESAC,Novembro,,0.0,0.0,68886.34015580516,,,
811,PERPETUA ALMEIDA,42/2021,GESAC,Novembro,,0.0,0.0,308172.02991190477,,,
812,POLICIA RODOVIARIA FEDERAL RO,43/2021,GESAC,Novembro,,0.0,0.0,0.0,,,
813,ADOR CONFUCIO MOURA,44/2021,GESAC,Novembro,,0.0,0.0,0.0,,,
814,SERGIO PETECAO,45/2021,GESAC,Novembro,,0.0,0.0,137857.90849389875,,,
815,SORAYA THRONICKE,46/2021,GESAC,Novembro,,0.0,0.0,288476.691593254,,,
816,ULDURICO JUNIOR,47/2021,GESAC,Novembro,,0.0,0.0,272113.90638352314,,,
817,BANCADA-DE ALAGOAS,48/2021,WifiBrasil,Novembro,,0.0,0.0,504127.0390976765,,,
818,BANCADA-DE ALAGOAS,49/2021,WifiBrasil,Novembro,,0.0,0.0,564127.0390976765,,,
819,BANCADA-DE ALAGOAS,50/2021,WifiBrasil,Novembro,,0.0,0.0,106763.5392139694,,,
820,BANCADA-DE MINAS GERAIS,51/2021,WifiBrasil,Novembro,,0.0,0.0,137558.025202726,,,
821,BANCADA-DE SAO PAULO,52/2021,WifiBrasil,Novembro,,0.0,0.0,4692402.308072234,,,
822,BANCADA-DO ESPIRITO SANTO,53/2021,WifiBrasil,Novembro,,0.0,0.0,622286.5916839351,,,
823,BANCADA-DO ESPIRITO SANTO,54/2021,WifiBrasil,Novembro,,0.0,0.0,710890.5783116459,,,
824,BANCADA-DO PARA,55/2021,WifiBrasil,Novembro,,0.0,0.0,758620.5300407878,,,
825,BANCADA-DO PARA,56/2021,WifiBrasil,Novembro,,0.0,0.0,145854.2355164021,,,
826,CORONEL CHRISOSTOMO,57/2021,WifiBrasil,Novembro,,0.0,0.0,245568.37097844755,,,
827,DIMAS FABIANO,58/2021,WifiBrasil,Novembro,,0.0,0.0,0.0,,,
828,EDNA HENRIQUE,59/2021,WifiBrasil,Novembro,,0.0,0.0,43937.19512513802,,,
829,FABIO REIS,60/2021,WifiBrasil,Novembro,,0.0,0.0,22927.117758201057,,,
830,FLAVIA ARRUDA,61/2021,WifiBrasil,Novembro,,0.0,0.0,0.0,,,
831,GENERAL GIRAO,62/2021,WifiBrasil,Novembro,,0.0,0.0,322257.95312041795,,,
832,JOSE NUNES,63/2021,WifiBrasil,Novembro,,0.0,0.0,13937.195125138023,,,
833,JOSIVALDO JP,64/2021,WifiBrasil,Novembro,,0.0,0.0,13937.195125138023,,,
834,JUNIOR LOURENCO,65/2021,WifiBrasil,Novembro,,0.0,0.0,8483.713612974461,,,
835,LEO DE BRITO,66/2021,WifiBrasil,Novembro,,0.0,0.0,46561.991875230044,,,
836,LUCIANO BIVAR,67/2021,WifiBrasil,Novembro,,0.0,0.0,131713.15237928455,,,
837,LUIS TIBE,68/2021,WifiBrasil,Novembro,,0.0,0.0,23937.195125138023,,,
838,MARA ROCHA,69/2021,WifiBrasil,Novembro,,0.0,0.0,0.0,,,
839,MARX BELTRAO,70/2021,WifiBrasil,Novembro,,0.0,0.0,121713.15237928455,,,
840,PERPETUA ALMEIDA,71/2021,WifiBrasil,Novembro,,0.0,0.0,33937.19512513802,,,
841,SERGIO PETECAO,72/2021,WifiBrasil,Novembro,,0.0,0.0,124940.89150936707,,,
842,ULDURICO JUNIOR,73/2021,WifiBrasil,Novembro,,0.0,0.0,93950.39993897907,,,
843,SORAYA THRONICKE,74/2021,WifiBrasil,Novembro,,0.0,0.0,122420.90873811248,,,
844,MCOM,75/2021,WifiBrasil,Novembro,,0.0,0.0,96561.99187523004,,,
845,CABO JUNIO AMARAL,76/2021,WifiBrasil,Novembro,,0.0,0.0,435038.683468484,,,
846,LEUR LOMANTO,77/2021,WifiBrasil,Novembro,,0.0,0.0,63937.19512513802,,,
847,BANCADA-DE ALAGOAS,01/2021,GESAC,Dezembro,100000.0,0.0,100000.0,709626.8014248305,,,
848,BANCADA-DE ALAGOAS,02/2021,GESAC,Dezembro,,0.0,0.0,379684.57122174604,,,
849,BANCADA-DE ALAGOAS,03/2021,GESAC,Dezembro,,0.0,0.0,5218474.425067611,,,
850,BANCADA-DE MINAS GERAIS,04/2021,GESAC,Dezembro,,0.0,0.0,13372074.34264488,,,
851,BANCADA-DE SAO PAULO,05/2021,GESAC,Dezembro,,0.0,0.0,1000329.1335042845,,,
852,BANCADA-DO ESPIRITO SANTO,06/2021,GESAC,Dezembro,,0.0,0.0,945233.7502652404,,,
853,BANCADA-DO ESPIRITO SANTO,07/2021,GESAC,Dezembro,,0.0,0.0,2157623.6887734933,,,
854,BANCADA-DO ESPIRITO SANTO,08/2021,GESAC,Dezembro,,0.0,0.0,2689732.913810536,,,
855,BANCADA-DO MARANHAO,09/2021,GESAC,Dezembro,,0.0,0.0,717558.025202726,,,
856,BANCADA-DO PARA,10/2021,GESAC,Dezembro,,0.0,0.0,0.0,,,
857,BANCADA-DO PARA,11/2021,GESAC,Dezembro,,0.0,0.0,319778.32287139515,,,
858,CABO JUNIO AMARAL,12/2021,GESAC,Dezembro,,0.0,0.0,119086.01495595239,,,
859,CELSO SABINO,13/2021,GESAC,Dezembro,,0.0,0.0,58177.20698910301,,,
860,CORONEL CHRISOSTOMO,14/2021,GESAC,Dezembro,,0.0,0.0,69895.71532077008,,,
861,DIMAS FABIANO,15/2021,GESAC,Dezembro,,0.0,0.0,0.0,,,
862,EDNA HENRIQUE,16/2021,GESAC,Dezembro,,0.0,0.0,130096.09232288934,,,
863,ELIAS VAZ,17/2021,GESAC,Dezembro,,0.0,0.0,364030.9467747872,,,
864,EXPEDITO NETTO,18/2021,GESAC,Dezembro,,0.0,0.0,174174.3987552477,,,
865,FABIO REIS,19/2021,GESAC,Dezembro,,0.0,0.0,0.0,,,
866,FLAVIA ARRUDA,20/2021,GESAC,Dezembro,,0.0,0.0,830300.0594868646,,,
867,FLAVIANO MELO,21/2021,GESAC,Dezembro,,0.0,0.0,0.0,,,
868,FLAVIANO MELO,22/2021,GESAC,Dezembro,,0.0,0.0,427862.8799879871,,,
869,GENERAL GIRAO,23/2021,GESAC,Dezembro,,0.0,0.0,0.0,,,
870,JOAO ROMA,24/2021,GESAC,Dezembro,,0.0,0.0,2895.071502407387,,,
871,JOENIA WAPICHANA,25/2021,GESAC,Dezembro,,0.0,0.0,0.0,,,
872,JOSE NUNES,26/2021,GESAC,Dezembro,,0.0,0.0,99086.01495595239,,,
873,JOSIVALDO JP,27/2021,GESAC,Dezembro,,0.0,0.0,0.0,,,
874,JUNIOR LOURENCO,28/2021,GESAC,Dezembro,,0.0,0.0,278476.691593254,,,
875,LEO DE BRITO,29/2021,GESAC,Dezembro,,0.0,0.0,314333.26778289623,,,
876,LEUR LOMANTO,30/2021,GESAC,Dezembro,,0.0,0.0,16768.437132477542,,,
877,LUCIANO BIVAR,31/2021,GESAC,Dezembro,,0.0,0.0,0.0,,,
878,LUIS TIBE,32/2021,GESAC,Dezembro,,0.0,0.0,99086.01495595239,,,
879,MARA ROCHA,33/2021,GESAC,Dezembro,,0.0,0.0,362490.445730621,,,
880,MARX BELTRAO,34/2021,GESAC,Dezembro,,0.0,0.0,139086.01495595239,,,
881,MINISTERIO DAS COMUNICACOES,35/2021,GESAC,Dezembro,,0.0,0.0,14977542.225836456,,,
882,MINISTERIO DAS COMUNICACOES,36/2021,GESAC,Dezembro,,0.0,0.0,3645165.329263538,,,
883,MINISTERIO DAS COMUNICACOES,37/2021,GESAC,Dezembro,,0.0,0.0,10020773.66936968,,,
884,MINISTERIO DA EDUCACAO,38/2021,GESAC,Dezembro,,0.0,0.0,16953134.633976746,,,
885,MINISTERIO DA EDUCACAO,39/2021,GESAC,Dezembro,,0.0,0.0,3178094.787694979,,,
886,MINISTERIO DA JUSTICA,40/2021,GESAC,Dezembro,,0.0,0.0,562238.2313255399,,,
887,MINISTERIO DO MEIO AMBIENTE,41/2021,GESAC,Dezembro,,0.0,0.0,68886.34015580516,,,
888,PERPETUA ALMEIDA,42/2021,GESAC,Dezembro,,0.0,0.0,308172.02991190477,,,
889,POLICIA RODOVIARIA FEDERAL RO,43/2021,GESAC,Dezembro,,0.0,0.0,0.0,,,
890,ADOR CONFUCIO MOURA,44/2021,GESAC,Dezembro,,0.0,0.0,0.0,,,
891,SERGIO PETECAO,45/2021,GESAC,Dezembro,,0.0,0.0,137857.90849389875,,,
892,SORAYA THRONICKE,46/2021,GESAC,Dezembro,,0.0,0.0,288476.691593254,,,
893,ULDURICO JUNIOR,47/2021,GESAC,Dezembro,,0.0,0.0,272113.90638352314,,,
894,BANCADA-DE ALAGOAS,48/2021,WifiBrasil,Dezembro,,0.0,0.0,504127.0390976765,,,
895,BANCADA-DE ALAGOAS,49/2021,WifiBrasil,Dezembro,,0.0,0.0,564127.0390976765,,,
896,BANCADA-DE ALAGOAS,50/2021,WifiBrasil,Dezembro,,0.0,0.0,106763.5392139694,,,
897,BANCADA-DE MINAS GERAIS,51/2021,WifiBrasil,Dezembro,,0.0,0.0,137558.025202726,,,
898,BANCADA-DE SAO PAULO,52/2021,WifiBrasil,Dezembro,,0.0,0.0,4692402.308072234,,,
899,BANCADA-DO ESPIRITO SANTO,53/2021,WifiBrasil,Dezembro,,0.0,0.0,622286.5916839351,,,
900,BANCADA-DO ESPIRITO SANTO,54/2021,WifiBrasil,Dezembro,,0.0,0.0,710890.5783116459,,,
901,BANCADA-DO PARA,55/2021,WifiBrasil,Dezembro,,0.0,0.0,758620.5300407878,,,
902,BANCADA-DO PARA,56/2021,WifiBrasil,Dezembro,,0.0,0.0,145854.2355164021,,,
903,CORONEL CHRISOSTOMO,57/2021,WifiBrasil,Dezembro,,0.0,0.0,245568.37097844755,,,
904,DIMAS FABIANO,58/2021,WifiBrasil,Dezembro,,0.0,0.0,0.0,,,
905,EDNA HENRIQUE,59/2021,WifiBrasil,Dezembro,,0.0,0.0,43937.19512513802,,,
906,FABIO REIS,60/2021,WifiBrasil,Dezembro,,0.0,0.0,22927.117758201057,,,
907,FLAVIA ARRUDA,61/2021,WifiBrasil,Dezembro,,0.0,0.0,0.0,,,
908,GENERAL GIRAO,62/2021,WifiBrasil,Dezembro,,0.0,0.0,322257.95312041795,,,
909,JOSE NUNES,63/2021,WifiBrasil,Dezembro,,0.0,0.0,13937.195125138023,,,
910,JOSIVALDO JP,64/2021,WifiBrasil,Dezembro,,0.0,0.0,13937.195125138023,,,
911,JUNIOR LOURENCO,65/2021,WifiBrasil,Dezembro,,0.0,0.0,8483.713612974461,,,
912,LEO DE BRITO,66/2021,WifiBrasil,Dezembro,,0.0,0.0,46561.991875230044,,,
913,LUCIANO BIVAR,67/2021,WifiBrasil,Dezembro,,0.0,0.0,131713.15237928455,,,
914,LUIS TIBE,68/2021,WifiBrasil,Dezembro,,0.0,0.0,23937.195125138023,,,
915,MARA ROCHA,69/2021,WifiBrasil,Dezembro,,0.0,0.0,0.0,,,
916,MARX BELTRAO,70/2021,WifiBrasil,Dezembro,,0.0,0.0,121713.15237928455,,,
917,PERPETUA ALMEIDA,71/2021,WifiBrasil,Dezembro,,0.0,0.0,33937.19512513802,,,
918,SERGIO PETECAO,72/2021,WifiBrasil,Dezembro,,0.0,0.0,124940.89150936707,,,
919,ULDURICO JUNIOR,73/2021,WifiBrasil,Dezembro,,0.0,0.0,93950.39993897907,,,
920,SORAYA THRONICKE,74/2021,WifiBrasil,Dezembro,,0.0,0.0,122420.90873811248,,,
921,MCOM,75/2021,WifiBrasil,Dezembro,,0.0,0.0,96561.99187523004,,,
922,CABO JUNIO AMARAL,76/2021,WifiBrasil,Dezembro,,0.0,0.0,435038.683468484,,,
923,LEUR LOMANTO,77/2021,WifiBrasil,Dezembro,,0.0,0.0,63937.19512513802,,,
